-- MySQL dump 10.13  Distrib 8.0.39, for Linux (x86_64)
--
-- Host: 127.0.0.1    Database: storefont
-- ------------------------------------------------------
-- Server version	8.0.39-0ubuntu0.22.04.1

/*!40101 SET @OLD_CHARACTER_SET_CLIENT=@@CHARACTER_SET_CLIENT */;
/*!40101 SET @OLD_CHARACTER_SET_RESULTS=@@CHARACTER_SET_RESULTS */;
/*!40101 SET @OLD_COLLATION_CONNECTION=@@COLLATION_CONNECTION */;
/*!50503 SET NAMES utf8mb4 */;
/*!40103 SET @OLD_TIME_ZONE=@@TIME_ZONE */;
/*!40103 SET TIME_ZONE='+00:00' */;
/*!40014 SET @OLD_UNIQUE_CHECKS=@@UNIQUE_CHECKS, UNIQUE_CHECKS=0 */;
/*!40014 SET @OLD_FOREIGN_KEY_CHECKS=@@FOREIGN_KEY_CHECKS, FOREIGN_KEY_CHECKS=0 */;
/*!40101 SET @OLD_SQL_MODE=@@SQL_MODE, SQL_MODE='NO_AUTO_VALUE_ON_ZERO' */;
/*!40111 SET @OLD_SQL_NOTES=@@SQL_NOTES, SQL_NOTES=0 */;

--
-- Table structure for table `auth_group`
--

DROP TABLE IF EXISTS `auth_group`;
/*!40101 SET @saved_cs_client     = @@character_set_client */;
/*!50503 SET character_set_client = utf8mb4 */;
CREATE TABLE `auth_group` (
  `id` int NOT NULL AUTO_INCREMENT,
  `name` varchar(150) NOT NULL,
  PRIMARY KEY (`id`),
  UNIQUE KEY `name` (`name`)
) ENGINE=InnoDB DEFAULT CHARSET=utf8mb4 COLLATE=utf8mb4_0900_ai_ci;
/*!40101 SET character_set_client = @saved_cs_client */;

--
-- Dumping data for table `auth_group`
--

LOCK TABLES `auth_group` WRITE;
/*!40000 ALTER TABLE `auth_group` DISABLE KEYS */;
/*!40000 ALTER TABLE `auth_group` ENABLE KEYS */;
UNLOCK TABLES;

--
-- Table structure for table `auth_group_permissions`
--

DROP TABLE IF EXISTS `auth_group_permissions`;
/*!40101 SET @saved_cs_client     = @@character_set_client */;
/*!50503 SET character_set_client = utf8mb4 */;
CREATE TABLE `auth_group_permissions` (
  `id` bigint NOT NULL AUTO_INCREMENT,
  `group_id` int NOT NULL,
  `permission_id` int NOT NULL,
  PRIMARY KEY (`id`),
  UNIQUE KEY `auth_group_permissions_group_id_permission_id_0cd325b0_uniq` (`group_id`,`permission_id`),
  KEY `auth_group_permissio_permission_id_84c5c92e_fk_auth_perm` (`permission_id`),
  CONSTRAINT `auth_group_permissio_permission_id_84c5c92e_fk_auth_perm` FOREIGN KEY (`permission_id`) REFERENCES `auth_permission` (`id`),
  CONSTRAINT `auth_group_permissions_group_id_b120cbf9_fk_auth_group_id` FOREIGN KEY (`group_id`) REFERENCES `auth_group` (`id`)
) ENGINE=InnoDB DEFAULT CHARSET=utf8mb4 COLLATE=utf8mb4_0900_ai_ci;
/*!40101 SET character_set_client = @saved_cs_client */;

--
-- Dumping data for table `auth_group_permissions`
--

LOCK TABLES `auth_group_permissions` WRITE;
/*!40000 ALTER TABLE `auth_group_permissions` DISABLE KEYS */;
/*!40000 ALTER TABLE `auth_group_permissions` ENABLE KEYS */;
UNLOCK TABLES;

--
-- Table structure for table `auth_permission`
--

DROP TABLE IF EXISTS `auth_permission`;
/*!40101 SET @saved_cs_client     = @@character_set_client */;
/*!50503 SET character_set_client = utf8mb4 */;
CREATE TABLE `auth_permission` (
  `id` int NOT NULL AUTO_INCREMENT,
  `name` varchar(255) NOT NULL,
  `content_type_id` int NOT NULL,
  `codename` varchar(100) NOT NULL,
  PRIMARY KEY (`id`),
  UNIQUE KEY `auth_permission_content_type_id_codename_01ab375a_uniq` (`content_type_id`,`codename`),
  CONSTRAINT `auth_permission_content_type_id_2f476e4b_fk_django_co` FOREIGN KEY (`content_type_id`) REFERENCES `django_content_type` (`id`)
) ENGINE=InnoDB AUTO_INCREMENT=61 DEFAULT CHARSET=utf8mb4 COLLATE=utf8mb4_0900_ai_ci;
/*!40101 SET character_set_client = @saved_cs_client */;

--
-- Dumping data for table `auth_permission`
--

LOCK TABLES `auth_permission` WRITE;
/*!40000 ALTER TABLE `auth_permission` DISABLE KEYS */;
INSERT INTO `auth_permission` VALUES (1,'Can add log entry',1,'add_logentry'),(2,'Can change log entry',1,'change_logentry'),(3,'Can delete log entry',1,'delete_logentry'),(4,'Can view log entry',1,'view_logentry'),(5,'Can add permission',2,'add_permission'),(6,'Can change permission',2,'change_permission'),(7,'Can delete permission',2,'delete_permission'),(8,'Can view permission',2,'view_permission'),(9,'Can add group',3,'add_group'),(10,'Can change group',3,'change_group'),(11,'Can delete group',3,'delete_group'),(12,'Can view group',3,'view_group'),(13,'Can add user',4,'add_user'),(14,'Can change user',4,'change_user'),(15,'Can delete user',4,'delete_user'),(16,'Can view user',4,'view_user'),(17,'Can add content type',5,'add_contenttype'),(18,'Can change content type',5,'change_contenttype'),(19,'Can delete content type',5,'delete_contenttype'),(20,'Can view content type',5,'view_contenttype'),(21,'Can add session',6,'add_session'),(22,'Can change session',6,'change_session'),(23,'Can delete session',6,'delete_session'),(24,'Can view session',6,'view_session'),(25,'Can add customer',7,'add_customer'),(26,'Can change customer',7,'change_customer'),(27,'Can delete customer',7,'delete_customer'),(28,'Can view customer',7,'view_customer'),(29,'Can add product',8,'add_product'),(30,'Can change product',8,'change_product'),(31,'Can delete product',8,'delete_product'),(32,'Can view product',8,'view_product'),(33,'Can add promotion',9,'add_promotion'),(34,'Can change promotion',9,'change_promotion'),(35,'Can delete promotion',9,'delete_promotion'),(36,'Can view promotion',9,'view_promotion'),(37,'Can add address',10,'add_address'),(38,'Can change address',10,'change_address'),(39,'Can delete address',10,'delete_address'),(40,'Can view address',10,'view_address'),(41,'Can add order',11,'add_order'),(42,'Can change order',11,'change_order'),(43,'Can delete order',11,'delete_order'),(44,'Can view order',11,'view_order'),(45,'Can add order item',12,'add_orderitem'),(46,'Can change order item',12,'change_orderitem'),(47,'Can delete order item',12,'delete_orderitem'),(48,'Can view order item',12,'view_orderitem'),(49,'Can add Token',13,'add_token'),(50,'Can change Token',13,'change_token'),(51,'Can delete Token',13,'delete_token'),(52,'Can view Token',13,'view_token'),(53,'Can add Token',14,'add_tokenproxy'),(54,'Can change Token',14,'change_tokenproxy'),(55,'Can delete Token',14,'delete_tokenproxy'),(56,'Can view Token',14,'view_tokenproxy'),(57,'Can add user token',15,'add_usertoken'),(58,'Can change user token',15,'change_usertoken'),(59,'Can delete user token',15,'delete_usertoken'),(60,'Can view user token',15,'view_usertoken');
/*!40000 ALTER TABLE `auth_permission` ENABLE KEYS */;
UNLOCK TABLES;

--
-- Table structure for table `auth_user`
--

DROP TABLE IF EXISTS `auth_user`;
/*!40101 SET @saved_cs_client     = @@character_set_client */;
/*!50503 SET character_set_client = utf8mb4 */;
CREATE TABLE `auth_user` (
  `id` int NOT NULL AUTO_INCREMENT,
  `password` varchar(128) NOT NULL,
  `last_login` datetime(6) DEFAULT NULL,
  `is_superuser` tinyint(1) NOT NULL,
  `username` varchar(150) NOT NULL,
  `first_name` varchar(150) NOT NULL,
  `last_name` varchar(150) NOT NULL,
  `email` varchar(254) NOT NULL,
  `is_staff` tinyint(1) NOT NULL,
  `is_active` tinyint(1) NOT NULL,
  `date_joined` datetime(6) NOT NULL,
  PRIMARY KEY (`id`),
  UNIQUE KEY `username` (`username`)
) ENGINE=InnoDB AUTO_INCREMENT=4 DEFAULT CHARSET=utf8mb4 COLLATE=utf8mb4_0900_ai_ci;
/*!40101 SET character_set_client = @saved_cs_client */;

--
-- Dumping data for table `auth_user`
--

LOCK TABLES `auth_user` WRITE;
/*!40000 ALTER TABLE `auth_user` DISABLE KEYS */;
INSERT INTO `auth_user` VALUES (1,'pbkdf2_sha256$870000$kATqq1taIOGdxmZVM8Jm6L$MxNq12LhvgCGRlpCw31//L57AK3wLCx0u61/9rbt/+w=',NULL,0,'bibi.doe@example.com','bibi','lo','bibi.doe@example.com',0,1,'2024-10-09 09:50:23.270296');
/*!40000 ALTER TABLE `auth_user` ENABLE KEYS */;
UNLOCK TABLES;

--
-- Table structure for table `auth_user_groups`
--

DROP TABLE IF EXISTS `auth_user_groups`;
/*!40101 SET @saved_cs_client     = @@character_set_client */;
/*!50503 SET character_set_client = utf8mb4 */;
CREATE TABLE `auth_user_groups` (
  `id` bigint NOT NULL AUTO_INCREMENT,
  `user_id` int NOT NULL,
  `group_id` int NOT NULL,
  PRIMARY KEY (`id`),
  UNIQUE KEY `auth_user_groups_user_id_group_id_94350c0c_uniq` (`user_id`,`group_id`),
  KEY `auth_user_groups_group_id_97559544_fk_auth_group_id` (`group_id`),
  CONSTRAINT `auth_user_groups_group_id_97559544_fk_auth_group_id` FOREIGN KEY (`group_id`) REFERENCES `auth_group` (`id`),
  CONSTRAINT `auth_user_groups_user_id_6a12ed8b_fk_auth_user_id` FOREIGN KEY (`user_id`) REFERENCES `auth_user` (`id`)
) ENGINE=InnoDB DEFAULT CHARSET=utf8mb4 COLLATE=utf8mb4_0900_ai_ci;
/*!40101 SET character_set_client = @saved_cs_client */;

--
-- Dumping data for table `auth_user_groups`
--

LOCK TABLES `auth_user_groups` WRITE;
/*!40000 ALTER TABLE `auth_user_groups` DISABLE KEYS */;
/*!40000 ALTER TABLE `auth_user_groups` ENABLE KEYS */;
UNLOCK TABLES;

--
-- Table structure for table `auth_user_user_permissions`
--

DROP TABLE IF EXISTS `auth_user_user_permissions`;
/*!40101 SET @saved_cs_client     = @@character_set_client */;
/*!50503 SET character_set_client = utf8mb4 */;
CREATE TABLE `auth_user_user_permissions` (
  `id` bigint NOT NULL AUTO_INCREMENT,
  `user_id` int NOT NULL,
  `permission_id` int NOT NULL,
  PRIMARY KEY (`id`),
  UNIQUE KEY `auth_user_user_permissions_user_id_permission_id_14a6b632_uniq` (`user_id`,`permission_id`),
  KEY `auth_user_user_permi_permission_id_1fbb5f2c_fk_auth_perm` (`permission_id`),
  CONSTRAINT `auth_user_user_permi_permission_id_1fbb5f2c_fk_auth_perm` FOREIGN KEY (`permission_id`) REFERENCES `auth_permission` (`id`),
  CONSTRAINT `auth_user_user_permissions_user_id_a95ead1b_fk_auth_user_id` FOREIGN KEY (`user_id`) REFERENCES `auth_user` (`id`)
) ENGINE=InnoDB DEFAULT CHARSET=utf8mb4 COLLATE=utf8mb4_0900_ai_ci;
/*!40101 SET character_set_client = @saved_cs_client */;

--
-- Dumping data for table `auth_user_user_permissions`
--

LOCK TABLES `auth_user_user_permissions` WRITE;
/*!40000 ALTER TABLE `auth_user_user_permissions` DISABLE KEYS */;
/*!40000 ALTER TABLE `auth_user_user_permissions` ENABLE KEYS */;
UNLOCK TABLES;

--
-- Table structure for table `authtoken_token`
--

DROP TABLE IF EXISTS `authtoken_token`;
/*!40101 SET @saved_cs_client     = @@character_set_client */;
/*!50503 SET character_set_client = utf8mb4 */;
CREATE TABLE `authtoken_token` (
  `key` varchar(40) NOT NULL,
  `created` datetime(6) NOT NULL,
  `user_id` int NOT NULL,
  PRIMARY KEY (`key`),
  UNIQUE KEY `user_id` (`user_id`),
  CONSTRAINT `authtoken_token_user_id_35299eff_fk_auth_user_id` FOREIGN KEY (`user_id`) REFERENCES `auth_user` (`id`)
) ENGINE=InnoDB DEFAULT CHARSET=utf8mb4 COLLATE=utf8mb4_0900_ai_ci;
/*!40101 SET character_set_client = @saved_cs_client */;

--
-- Dumping data for table `authtoken_token`
--

LOCK TABLES `authtoken_token` WRITE;
/*!40000 ALTER TABLE `authtoken_token` DISABLE KEYS */;
INSERT INTO `authtoken_token` VALUES ('2752ed1162c321be6f744031c7b02dcd7977810c','2024-10-09 10:48:38.478187',1);
/*!40000 ALTER TABLE `authtoken_token` ENABLE KEYS */;
UNLOCK TABLES;

--
-- Table structure for table `django_admin_log`
--

DROP TABLE IF EXISTS `django_admin_log`;
/*!40101 SET @saved_cs_client     = @@character_set_client */;
/*!50503 SET character_set_client = utf8mb4 */;
CREATE TABLE `django_admin_log` (
  `id` int NOT NULL AUTO_INCREMENT,
  `action_time` datetime(6) NOT NULL,
  `object_id` longtext,
  `object_repr` varchar(200) NOT NULL,
  `action_flag` smallint unsigned NOT NULL,
  `change_message` longtext NOT NULL,
  `content_type_id` int DEFAULT NULL,
  `user_id` int NOT NULL,
  PRIMARY KEY (`id`),
  KEY `django_admin_log_content_type_id_c4bce8eb_fk_django_co` (`content_type_id`),
  KEY `django_admin_log_user_id_c564eba6_fk_auth_user_id` (`user_id`),
  CONSTRAINT `django_admin_log_content_type_id_c4bce8eb_fk_django_co` FOREIGN KEY (`content_type_id`) REFERENCES `django_content_type` (`id`),
  CONSTRAINT `django_admin_log_user_id_c564eba6_fk_auth_user_id` FOREIGN KEY (`user_id`) REFERENCES `auth_user` (`id`),
  CONSTRAINT `django_admin_log_chk_1` CHECK ((`action_flag` >= 0))
) ENGINE=InnoDB DEFAULT CHARSET=utf8mb4 COLLATE=utf8mb4_0900_ai_ci;
/*!40101 SET character_set_client = @saved_cs_client */;

--
-- Dumping data for table `django_admin_log`
--

LOCK TABLES `django_admin_log` WRITE;
/*!40000 ALTER TABLE `django_admin_log` DISABLE KEYS */;
/*!40000 ALTER TABLE `django_admin_log` ENABLE KEYS */;
UNLOCK TABLES;

--
-- Table structure for table `django_content_type`
--

DROP TABLE IF EXISTS `django_content_type`;
/*!40101 SET @saved_cs_client     = @@character_set_client */;
/*!50503 SET character_set_client = utf8mb4 */;
CREATE TABLE `django_content_type` (
  `id` int NOT NULL AUTO_INCREMENT,
  `app_label` varchar(100) NOT NULL,
  `model` varchar(100) NOT NULL,
  PRIMARY KEY (`id`),
  UNIQUE KEY `django_content_type_app_label_model_76bd3d3b_uniq` (`app_label`,`model`)
) ENGINE=InnoDB AUTO_INCREMENT=16 DEFAULT CHARSET=utf8mb4 COLLATE=utf8mb4_0900_ai_ci;
/*!40101 SET character_set_client = @saved_cs_client */;

--
-- Dumping data for table `django_content_type`
--

LOCK TABLES `django_content_type` WRITE;
/*!40000 ALTER TABLE `django_content_type` DISABLE KEYS */;
INSERT INTO `django_content_type` VALUES (1,'admin','logentry'),(3,'auth','group'),(2,'auth','permission'),(4,'auth','user'),(13,'authtoken','token'),(14,'authtoken','tokenproxy'),(5,'contenttypes','contenttype'),(6,'sessions','session'),(10,'store','address'),(7,'store','customer'),(11,'store','order'),(12,'store','orderitem'),(8,'store','product'),(9,'store','promotion'),(15,'store','usertoken');
/*!40000 ALTER TABLE `django_content_type` ENABLE KEYS */;
UNLOCK TABLES;

--
-- Table structure for table `django_migrations`
--

DROP TABLE IF EXISTS `django_migrations`;
/*!40101 SET @saved_cs_client     = @@character_set_client */;
/*!50503 SET character_set_client = utf8mb4 */;
CREATE TABLE `django_migrations` (
  `id` bigint NOT NULL AUTO_INCREMENT,
  `app` varchar(255) NOT NULL,
  `name` varchar(255) NOT NULL,
  `applied` datetime(6) NOT NULL,
  PRIMARY KEY (`id`)
) ENGINE=InnoDB AUTO_INCREMENT=29 DEFAULT CHARSET=utf8mb4 COLLATE=utf8mb4_0900_ai_ci;
/*!40101 SET character_set_client = @saved_cs_client */;

--
-- Dumping data for table `django_migrations`
--

LOCK TABLES `django_migrations` WRITE;
/*!40000 ALTER TABLE `django_migrations` DISABLE KEYS */;
INSERT INTO `django_migrations` VALUES (1,'contenttypes','0001_initial','2024-10-09 06:35:29.501501'),(2,'auth','0001_initial','2024-10-09 06:36:00.610632'),(3,'admin','0001_initial','2024-10-09 06:36:08.612318'),(4,'admin','0002_logentry_remove_auto_add','2024-10-09 06:36:08.762116'),(5,'admin','0003_logentry_add_action_flag_choices','2024-10-09 06:36:08.972787'),(6,'contenttypes','0002_remove_content_type_name','2024-10-09 06:36:12.569214'),(7,'auth','0002_alter_permission_name_max_length','2024-10-09 06:36:15.888718'),(8,'auth','0003_alter_user_email_max_length','2024-10-09 06:36:16.975986'),(9,'auth','0004_alter_user_username_opts','2024-10-09 06:36:17.180765'),(10,'auth','0005_alter_user_last_login_null','2024-10-09 06:36:19.614136'),(11,'auth','0006_require_contenttypes_0002','2024-10-09 06:36:19.732818'),(12,'auth','0007_alter_validators_add_error_messages','2024-10-09 06:36:19.902157'),(13,'auth','0008_alter_user_username_max_length','2024-10-09 06:36:23.172994'),(14,'auth','0009_alter_user_last_name_max_length','2024-10-09 06:36:26.577291'),(15,'auth','0010_alter_group_name_max_length','2024-10-09 06:36:27.039444'),(16,'auth','0011_update_proxy_permissions','2024-10-09 06:36:27.227774'),(17,'auth','0012_alter_user_first_name_max_length','2024-10-09 06:36:30.817696'),(18,'sessions','0001_initial','2024-10-09 06:36:32.981560'),(19,'store','0001_initial','2024-10-09 06:37:06.560591'),(20,'authtoken','0001_initial','2024-10-09 08:46:29.696413'),(21,'authtoken','0002_auto_20160226_1747','2024-10-09 08:46:30.033783'),(22,'authtoken','0003_tokenproxy','2024-10-09 08:46:30.157550'),(23,'authtoken','0004_alter_tokenproxy_options','2024-10-09 08:46:30.297418'),(24,'store','0002_remove_product_promotion_delete_promotion','2024-10-09 08:46:31.902089'),(25,'store','0003_customer_password','2024-10-09 08:46:33.194204'),(26,'store','0004_customer_groups_customer_is_active_customer_is_staff_and_more','2024-10-09 11:13:24.500427'),(27,'store','0005_alter_customer_groups_alter_customer_last_login_and_more','2024-10-09 11:22:01.585867'),(28,'store','0006_usertoken','2024-10-09 11:41:13.782749');
/*!40000 ALTER TABLE `django_migrations` ENABLE KEYS */;
UNLOCK TABLES;

--
-- Table structure for table `django_session`
--

DROP TABLE IF EXISTS `django_session`;
/*!40101 SET @saved_cs_client     = @@character_set_client */;
/*!50503 SET character_set_client = utf8mb4 */;
CREATE TABLE `django_session` (
  `session_key` varchar(40) NOT NULL,
  `session_data` longtext NOT NULL,
  `expire_date` datetime(6) NOT NULL,
  PRIMARY KEY (`session_key`),
  KEY `django_session_expire_date_a5c62663` (`expire_date`)
) ENGINE=InnoDB DEFAULT CHARSET=utf8mb4 COLLATE=utf8mb4_0900_ai_ci;
/*!40101 SET character_set_client = @saved_cs_client */;

--
-- Dumping data for table `django_session`
--

LOCK TABLES `django_session` WRITE;
/*!40000 ALTER TABLE `django_session` DISABLE KEYS */;
/*!40000 ALTER TABLE `django_session` ENABLE KEYS */;
UNLOCK TABLES;

--
-- Table structure for table `store_address`
--

DROP TABLE IF EXISTS `store_address`;
/*!40101 SET @saved_cs_client     = @@character_set_client */;
/*!50503 SET character_set_client = utf8mb4 */;
CREATE TABLE `store_address` (
  `id` bigint NOT NULL AUTO_INCREMENT,
  `street` varchar(255) NOT NULL,
  `city` varchar(255) NOT NULL,
  `zip` varchar(255) DEFAULT NULL,
  `customer_id` bigint NOT NULL,
  PRIMARY KEY (`id`),
  KEY `store_address_customer_id_080cf871_fk_store_customer_id` (`customer_id`),
  CONSTRAINT `store_address_customer_id_080cf871_fk_store_customer_id` FOREIGN KEY (`customer_id`) REFERENCES `store_customer` (`id`)
) ENGINE=InnoDB DEFAULT CHARSET=utf8mb4 COLLATE=utf8mb4_0900_ai_ci;
/*!40101 SET character_set_client = @saved_cs_client */;

--
-- Dumping data for table `store_address`
--

LOCK TABLES `store_address` WRITE;
/*!40000 ALTER TABLE `store_address` DISABLE KEYS */;
/*!40000 ALTER TABLE `store_address` ENABLE KEYS */;
UNLOCK TABLES;

--
-- Table structure for table `store_customer`
--

DROP TABLE IF EXISTS `store_customer`;
/*!40101 SET @saved_cs_client     = @@character_set_client */;
/*!50503 SET character_set_client = utf8mb4 */;
CREATE TABLE `store_customer` (
  `id` bigint NOT NULL AUTO_INCREMENT,
  `first_name` varchar(255) NOT NULL,
  `last_name` varchar(255) NOT NULL,
  `email` varchar(254) NOT NULL,
  `phone` varchar(255) NOT NULL,
  `birth_date` date DEFAULT NULL,
  `membership` varchar(1) NOT NULL,
  `password` varchar(128) NOT NULL,
  `is_active` tinyint(1) NOT NULL,
  `is_staff` tinyint(1) NOT NULL,
  `is_superuser` tinyint(1) NOT NULL,
  `last_login` datetime(6) DEFAULT NULL,
  PRIMARY KEY (`id`),
  UNIQUE KEY `email` (`email`)
) ENGINE=InnoDB AUTO_INCREMENT=1018 DEFAULT CHARSET=utf8mb4 COLLATE=utf8mb4_0900_ai_ci;
/*!40101 SET character_set_client = @saved_cs_client */;

--
-- Dumping data for table `store_customer`
--

LOCK TABLES `store_customer` WRITE;
/*!40000 ALTER TABLE `store_customer` DISABLE KEYS */;
INSERT INTO `store_customer` VALUES (1,'Faydra','Corhard','fcorhard0@dot.gov','897-661-9039','2020-10-28','G','-',1,0,0,NULL),(2,'Mara','Cammack','mcammack1@bigcartel.com','649-120-2330','2020-07-16','G','-',1,0,0,NULL),(3,'Shoshanna','Cleatherow','scleatherow2@vk.com','434-940-7359','2021-04-28','S','-',1,0,0,NULL),(4,'Marlena','Grason','mgrason3@google.es','326-516-2283','2021-05-22','G','-',1,0,0,NULL),(5,'Angelica','Gornall','agornall4@g.co','486-723-2501','2021-05-15','B','-',1,0,0,NULL),(6,'Esmaria','Phillcox','ephillcox5@plala.or.jp','739-116-9845','2021-06-08','B','-',1,0,0,NULL),(7,'Errol','Woodfin','ewoodfin6@macromedia.com','150-459-7193','2020-07-27','G','-',1,0,0,NULL),(8,'Nikolai','Mucillo','nmucillo7@flavors.me','920-211-2386','2021-04-23','G','-',1,0,0,NULL),(9,'Marie','Iddenden','middenden8@latimes.com','123-778-1024','2021-04-06','G','-',1,0,0,NULL),(10,'Leisha','Campbell-Dunlop','lcampbelldunlop9@senate.gov','978-269-3688','2020-06-17','G','-',1,0,0,NULL),(11,'Dulciana','Berick','dbericka@stanford.edu','999-803-9795','2020-09-20','G','-',1,0,0,NULL),(12,'Dory','Evans','devansb@devhub.com','849-775-9657','2020-12-01','S','-',1,0,0,NULL),(13,'Orin','Gillion','ogillionc@nhs.uk','963-702-2533','2020-07-06','G','-',1,0,0,NULL),(14,'Ewan','Portch','eportchd@nbcnews.com','412-497-9554','2020-08-31','B','-',1,0,0,NULL),(15,'Vonnie','California','vcaliforniae@slashdot.org','152-313-5963','2021-04-11','G','-',1,0,0,NULL),(16,'Jed','Franchioni','jfranchionif@apache.org','953-751-2869','2021-05-18','G','-',1,0,0,NULL),(17,'Cynde','Pickard','cpickardg@1und1.de','519-312-1161','2021-02-06','G','-',1,0,0,NULL),(18,'Major','Risman','mrismanh@issuu.com','246-543-9449','2020-08-20','S','-',1,0,0,NULL),(19,'Leona','Theobald','ltheobaldi@is.gd','903-516-8730','2021-04-24','G','-',1,0,0,NULL),(20,'Clerkclaude','Leathes','cleathesj@dedecms.com','685-951-8347','2020-12-18','B','-',1,0,0,NULL),(21,'Chevalier','Greenhalgh','cgreenhalghk@indiatimes.com','863-121-3361','2020-10-09','B','-',1,0,0,NULL),(22,'Karlotta','Danko','kdankol@apache.org','330-299-6187','2021-02-26','B','-',1,0,0,NULL),(23,'Barny','Bernollet','bbernolletm@odnoklassniki.ru','476-771-1228','2020-08-29','S','-',1,0,0,NULL),(24,'Loleta','Gosart','lgosartn@msu.edu','473-482-1519','2020-09-26','G','-',1,0,0,NULL),(25,'Ameline','Broadhead','abroadheado@apple.com','104-267-8908','2020-07-20','G','-',1,0,0,NULL),(26,'Bibbye','Kellaway','bkellawayp@diigo.com','289-727-0983','2021-01-10','S','-',1,0,0,NULL),(27,'Delphine','Paradis','dparadisq@fotki.com','669-585-0066','2021-05-10','G','-',1,0,0,NULL),(28,'Willy','O\'Hagirtie','wohagirtier@toplist.cz','366-644-6303','2021-02-12','S','-',1,0,0,NULL),(29,'Minne','Weakley','mweakleys@macromedia.com','454-991-8182','2021-05-14','S','-',1,0,0,NULL),(30,'Tate','Tinmouth','ttinmoutht@tmall.com','896-642-3222','2020-07-25','G','-',1,0,0,NULL),(31,'Merrick','Gascoyne','mgascoyneu@addtoany.com','212-949-1626','2020-09-15','G','-',1,0,0,NULL),(32,'Koren','Plessing','kplessingv@omniture.com','839-192-0525','2021-01-13','G','-',1,0,0,NULL),(33,'Brooke','Waulker','bwaulkerw@techcrunch.com','490-742-9154','2021-03-02','G','-',1,0,0,NULL),(34,'Casey','Gerritsma','cgerritsmax@gizmodo.com','563-290-8634','2020-08-13','G','-',1,0,0,NULL),(35,'Ericka','Bitterton','ebittertony@4shared.com','953-594-7152','2020-08-20','S','-',1,0,0,NULL),(36,'Jedidiah','Casarino','jcasarinoz@blogspot.com','945-128-3171','2021-04-07','G','-',1,0,0,NULL),(37,'Milo','Ongin','mongin10@jugem.jp','976-324-0459','2020-08-23','B','-',1,0,0,NULL),(38,'Yul','Echallie','yechallie11@twitpic.com','585-656-8074','2021-06-07','G','-',1,0,0,NULL),(39,'Foster','Pluck','fpluck12@eepurl.com','149-116-9398','2020-12-05','G','-',1,0,0,NULL),(40,'Kareem','Huetson','khuetson13@nationalgeographic.com','770-966-0047','2021-01-29','G','-',1,0,0,NULL),(41,'Karlens','Cancellieri','kcancellieri14@parallels.com','204-376-6112','2021-03-04','S','-',1,0,0,NULL),(42,'Cornie','Sabater','csabater15@ed.gov','354-268-4395','2021-05-03','B','-',1,0,0,NULL),(43,'Austina','Paulitschke','apaulitschke16@walmart.com','886-949-9316','2020-07-08','S','-',1,0,0,NULL),(44,'Andrew','Loader','aloader17@google.nl','494-920-4395','2020-10-29','G','-',1,0,0,NULL),(45,'Tasha','Earnshaw','tearnshaw18@deliciousdays.com','111-815-6819','2021-04-21','S','-',1,0,0,NULL),(46,'August','Fishly','afishly19@cam.ac.uk','635-522-9425','2020-11-22','S','-',1,0,0,NULL),(47,'Emlynn','Ruston','eruston1a@freewebs.com','812-770-6445','2020-09-17','S','-',1,0,0,NULL),(48,'Hortense','Rettie','hrettie1b@ustream.tv','362-482-6431','2020-07-22','S','-',1,0,0,NULL),(49,'Peg','Topley','ptopley1c@imageshack.us','653-422-6020','2020-06-10','S','-',1,0,0,NULL),(50,'Ade','Halling','ahalling1d@utexas.edu','922-329-8644','2020-11-25','S','-',1,0,0,NULL),(51,'Nisse','Jachimiak','njachimiak1e@slate.com','997-487-8903','2020-08-07','S','-',1,0,0,NULL),(52,'Alecia','Cherrie','acherrie1f@yandex.ru','188-924-2590','2020-08-10','G','-',1,0,0,NULL),(53,'Cheslie','Meriguet','cmeriguet1g@yolasite.com','590-525-2570','2021-03-03','B','-',1,0,0,NULL),(54,'Mohandas','Cossell','mcossell1h@dailymail.co.uk','889-968-1674','2020-07-31','S','-',1,0,0,NULL),(55,'Jenn','Moreinu','jmoreinu1i@toplist.cz','825-835-1405','2020-09-10','S','-',1,0,0,NULL),(56,'Saree','Sturridge','ssturridge1j@newsvine.com','748-338-3307','2020-11-16','B','-',1,0,0,NULL),(57,'Lucias','Bunting','lbunting1k@acquirethisname.com','674-200-5303','2020-12-05','G','-',1,0,0,NULL),(58,'Philbert','Nanelli','pnanelli1l@hhs.gov','465-406-7657','2020-12-01','S','-',1,0,0,NULL),(59,'Gerardo','Jeandot','gjeandot1m@facebook.com','975-920-3542','2021-04-02','B','-',1,0,0,NULL),(60,'Deerdre','Eymer','deymer1n@pagesperso-orange.fr','482-150-0597','2020-09-06','B','-',1,0,0,NULL),(61,'Sigismondo','Leguay','sleguay1o@dyndns.org','536-246-2334','2020-07-16','G','-',1,0,0,NULL),(62,'Bone','Antonomoli','bantonomoli1p@live.com','868-268-5315','2020-09-16','G','-',1,0,0,NULL),(63,'Vina','Chansonne','vchansonne1q@opensource.org','428-609-2018','2021-03-03','G','-',1,0,0,NULL),(64,'Myrle','Kubec','mkubec1r@blogspot.com','949-872-2010','2020-07-20','G','-',1,0,0,NULL),(65,'Anna-diane','Sabey','asabey1s@hubpages.com','642-117-8440','2021-03-31','G','-',1,0,0,NULL),(66,'Alia','L\'Hommeau','alhommeau1t@google.ca','893-888-4594','2021-06-09','G','-',1,0,0,NULL),(67,'Claudianus','Leathlay','cleathlay1u@youtube.com','983-280-8013','2020-07-20','G','-',1,0,0,NULL),(68,'Annnora','Commuzzo','acommuzzo1v@list-manage.com','308-236-2416','2020-06-25','S','-',1,0,0,NULL),(69,'Mommy','Coats','mcoats1w@arstechnica.com','896-866-0867','2021-03-21','G','-',1,0,0,NULL),(70,'Dory','Lewson','dlewson1x@independent.co.uk','391-293-7127','2021-05-22','B','-',1,0,0,NULL),(71,'Duffie','Matiashvili','dmatiashvili1y@purevolume.com','988-361-1956','2020-12-10','S','-',1,0,0,NULL),(72,'Alvy','Thorp','athorp1z@ask.com','624-941-4640','2020-11-23','G','-',1,0,0,NULL),(73,'Linda','Kedslie','lkedslie20@networkadvertising.org','567-825-7472','2021-02-18','G','-',1,0,0,NULL),(74,'Marin','Russo','mrusso21@accuweather.com','850-692-9372','2020-08-11','S','-',1,0,0,NULL),(75,'Nancy','Perford','nperford22@slate.com','530-384-6915','2021-03-18','S','-',1,0,0,NULL),(76,'Felita','McKerrow','fmckerrow23@goodreads.com','311-876-5836','2021-03-21','G','-',1,0,0,NULL),(77,'Cornelia','Crosseland','ccrosseland24@ocn.ne.jp','532-226-6956','2021-03-06','B','-',1,0,0,NULL),(78,'Travus','Fancourt','tfancourt25@indiegogo.com','510-306-8848','2021-04-10','G','-',1,0,0,NULL),(79,'Sybyl','Wickes','swickes26@weather.com','502-198-1390','2021-01-01','S','-',1,0,0,NULL),(80,'Ardella','Scothern','ascothern27@arizona.edu','280-713-0516','2020-08-12','S','-',1,0,0,NULL),(81,'Charmian','Tosspell','ctosspell28@bandcamp.com','469-727-7303','2021-03-25','B','-',1,0,0,NULL),(82,'Pippo','Pollie','ppollie29@feedburner.com','165-856-3588','2020-08-12','G','-',1,0,0,NULL),(83,'Bradan','Gingell','bgingell2a@constantcontact.com','259-964-9201','2021-05-24','G','-',1,0,0,NULL),(84,'Arlena','Flockhart','aflockhart2b@prnewswire.com','595-274-6756','2021-05-30','G','-',1,0,0,NULL),(85,'Nydia','Osmant','nosmant2c@adobe.com','337-850-1897','2021-02-06','G','-',1,0,0,NULL),(86,'Daven','Tine','dtine2d@tripadvisor.com','954-114-1563','2020-11-29','G','-',1,0,0,NULL),(87,'Maryann','Greenhill','mgreenhill2e@booking.com','533-273-0377','2021-01-08','G','-',1,0,0,NULL),(88,'Clim','Feather','cfeather2f@1und1.de','334-430-8742','2021-06-08','G','-',1,0,0,NULL),(89,'Ardenia','Surphliss','asurphliss2g@sina.com.cn','644-809-5550','2020-12-20','B','-',1,0,0,NULL),(90,'Marietta','Reyner','mreyner2h@cnet.com','645-496-6842','2021-05-07','G','-',1,0,0,NULL),(91,'Rosita','Treneman','rtreneman2i@cisco.com','418-122-8217','2021-05-11','G','-',1,0,0,NULL),(92,'Dene','Climie','dclimie2j@reference.com','656-723-7625','2020-10-02','B','-',1,0,0,NULL),(93,'Geno','Power','gpower2k@1und1.de','370-349-3053','2021-02-09','S','-',1,0,0,NULL),(94,'Skipper','Sands-Allan','ssandsallan2l@myspace.com','951-672-6874','2021-05-04','G','-',1,0,0,NULL),(95,'Tobias','Riddler','triddler2m@mlb.com','840-572-9086','2021-05-24','S','-',1,0,0,NULL),(96,'Sunny','Eaves','seaves2n@wikia.com','207-806-5154','2020-12-09','G','-',1,0,0,NULL),(97,'Rafael','Castelyn','rcastelyn2o@drupal.org','471-817-4494','2021-02-14','S','-',1,0,0,NULL),(98,'Lennard','Mazonowicz','lmazonowicz2p@ocn.ne.jp','321-182-7176','2020-10-18','S','-',1,0,0,NULL),(99,'Tabatha','Rabier','trabier2q@e-recht24.de','228-547-9240','2020-12-28','G','-',1,0,0,NULL),(100,'Kane','Bille','kbille2r@bluehost.com','916-462-9761','2020-08-12','B','-',1,0,0,NULL),(101,'Meghan','Glasper','mglasper2s@usnews.com','496-676-9809','2020-08-01','G','-',1,0,0,NULL),(102,'Kayne','Clemintoni','kclemintoni2t@a8.net','469-961-2454','2020-11-27','G','-',1,0,0,NULL),(103,'Rubi','Dahlback','rdahlback2u@tamu.edu','294-630-8100','2021-01-14','S','-',1,0,0,NULL),(104,'Bart','Ghidotti','bghidotti2v@google.cn','354-589-2989','2020-10-28','B','-',1,0,0,NULL),(105,'Joletta','Tight','jtight2w@cafepress.com','246-910-8600','2021-01-17','S','-',1,0,0,NULL),(106,'Amargo','Lamport','alamport2x@paypal.com','698-802-4579','2021-02-10','S','-',1,0,0,NULL),(107,'Marcille','Ibbeson','mibbeson2y@ibm.com','598-422-9750','2020-09-24','S','-',1,0,0,NULL),(108,'Ignatius','Dillow','idillow2z@bloglines.com','797-271-8878','2020-12-12','S','-',1,0,0,NULL),(109,'Beale','Bleiman','bbleiman30@amazon.de','424-155-9863','2020-07-31','G','-',1,0,0,NULL),(110,'Zita','Lithgow','zlithgow31@omniture.com','638-569-8868','2020-12-22','B','-',1,0,0,NULL),(111,'Berty','Waliszek','bwaliszek32@google.cn','480-464-8180','2020-09-11','G','-',1,0,0,NULL),(112,'Ilyssa','Khristoforov','ikhristoforov33@prlog.org','221-897-3665','2020-12-21','G','-',1,0,0,NULL),(113,'Adeline','Glennon','aglennon34@cpanel.net','641-735-9556','2021-02-02','S','-',1,0,0,NULL),(114,'Margette','Ivan','mivan35@huffingtonpost.com','325-397-3643','2021-02-23','B','-',1,0,0,NULL),(115,'Fredric','Warry','fwarry36@businessinsider.com','147-811-0380','2020-12-19','B','-',1,0,0,NULL),(116,'Modesty','Robley','mrobley37@wikimedia.org','238-570-5352','2020-10-31','B','-',1,0,0,NULL),(117,'Thacher','Stadden','tstadden38@histats.com','407-852-5453','2020-11-20','S','-',1,0,0,NULL),(118,'Aldwin','Cauley','acauley39@washingtonpost.com','991-628-4129','2021-01-21','B','-',1,0,0,NULL),(119,'Belita','Pingstone','bpingstone3a@soundcloud.com','157-871-6943','2020-08-25','S','-',1,0,0,NULL),(120,'Kara-lynn','McAless','kmcaless3b@answers.com','776-777-4802','2021-01-31','G','-',1,0,0,NULL),(121,'Olin','Mugglestone','omugglestone3c@elegantthemes.com','468-863-3465','2020-11-02','S','-',1,0,0,NULL),(122,'Raul','Searjeant','rsearjeant3d@mapquest.com','586-237-9799','2020-08-11','G','-',1,0,0,NULL),(123,'Noemi','Crowche','ncrowche3e@webs.com','636-197-6812','2020-06-18','B','-',1,0,0,NULL),(124,'Viki','Ixer','vixer3f@vimeo.com','868-211-3534','2021-01-14','G','-',1,0,0,NULL),(125,'Lindsey','Moodycliffe','lmoodycliffe3g@elpais.com','448-889-2292','2020-10-08','G','-',1,0,0,NULL),(126,'Dukie','Squires','dsquires3h@pagesperso-orange.fr','196-856-0455','2020-12-23','G','-',1,0,0,NULL),(127,'Rollin','Heeley','rheeley3i@princeton.edu','256-466-3326','2020-08-09','B','-',1,0,0,NULL),(128,'Krystyna','Hosten','khosten3j@taobao.com','424-326-0987','2020-06-11','B','-',1,0,0,NULL),(129,'Dominique','M\'Chirrie','dmchirrie3k@bing.com','118-129-4161','2020-10-10','S','-',1,0,0,NULL),(130,'Cathie','Nother','cnother3l@alexa.com','392-594-9824','2020-09-11','B','-',1,0,0,NULL),(131,'Katleen','Benoix','kbenoix3m@newyorker.com','298-726-4047','2020-06-15','G','-',1,0,0,NULL),(132,'Donna','Denmead','ddenmead3n@microsoft.com','599-358-7294','2020-10-29','B','-',1,0,0,NULL),(133,'Lockwood','Castellet','lcastellet3o@youtube.com','534-420-1897','2021-03-20','B','-',1,0,0,NULL),(134,'Maje','Murphy','mmurphy3p@narod.ru','979-217-5960','2020-10-20','B','-',1,0,0,NULL),(135,'Michel','Worsell','mworsell3q@zdnet.com','741-169-3968','2021-05-14','G','-',1,0,0,NULL),(136,'Roldan','Akast','rakast3r@livejournal.com','500-721-8956','2020-09-02','S','-',1,0,0,NULL),(137,'Marketa','Terrill','mterrill3s@vinaora.com','667-307-1468','2021-06-01','G','-',1,0,0,NULL),(138,'Kent','Harwood','kharwood3t@a8.net','379-967-5893','2020-06-23','G','-',1,0,0,NULL),(139,'Polly','Cosker','pcosker3u@behance.net','604-705-9357','2020-09-23','S','-',1,0,0,NULL),(140,'Darbie','Magnar','dmagnar3v@ebay.com','767-996-1356','2021-03-24','G','-',1,0,0,NULL),(141,'Chrissy','Chern','cchern3w@amazonaws.com','706-324-7301','2020-12-21','B','-',1,0,0,NULL),(142,'Aubine','Allcoat','aallcoat3x@ovh.net','749-294-0592','2021-01-31','B','-',1,0,0,NULL),(143,'Jourdain','Lacaze','jlacaze3y@reddit.com','593-882-3319','2020-08-01','S','-',1,0,0,NULL),(144,'Chrystel','Sapwell','csapwell3z@soundcloud.com','549-772-1694','2020-10-15','S','-',1,0,0,NULL),(145,'Denys','Alpine','dalpine40@opera.com','709-145-9394','2020-08-08','S','-',1,0,0,NULL),(146,'Donnie','Wicks','dwicks41@wsj.com','345-923-6092','2021-02-02','G','-',1,0,0,NULL),(147,'Bethena','Brims','bbrims42@google.co.jp','594-706-9355','2020-10-23','G','-',1,0,0,NULL),(148,'Carolin','Asch','casch43@oaic.gov.au','782-226-7065','2021-01-05','G','-',1,0,0,NULL),(149,'Garland','Joskowicz','gjoskowicz44@springer.com','216-842-6886','2020-08-08','B','-',1,0,0,NULL),(150,'Elga','Berr','eberr45@google.com.au','482-602-7260','2021-02-23','B','-',1,0,0,NULL),(151,'Erin','Meynell','emeynell46@globo.com','516-420-2573','2021-03-29','G','-',1,0,0,NULL),(152,'Adelaide','Luetchford','aluetchford47@ask.com','635-306-5175','2020-12-06','G','-',1,0,0,NULL),(153,'Hannah','Shipperbottom','hshipperbottom48@google.co.uk','725-727-6080','2021-04-24','B','-',1,0,0,NULL),(154,'Conrade','Varndall','cvarndall49@hexun.com','715-908-0251','2020-07-24','B','-',1,0,0,NULL),(155,'Kaine','Parzizek','kparzizek4a@npr.org','533-613-6397','2020-08-22','G','-',1,0,0,NULL),(156,'Coralyn','Jovey','cjovey4b@examiner.com','816-491-8748','2020-11-05','S','-',1,0,0,NULL),(157,'Patty','Maddin','pmaddin4c@networkadvertising.org','169-322-8998','2020-12-24','B','-',1,0,0,NULL),(158,'Alikee','Tommis','atommis4d@xinhuanet.com','233-581-4305','2021-05-11','G','-',1,0,0,NULL),(159,'Zandra','Manser','zmanser4e@devhub.com','312-287-2646','2021-06-05','S','-',1,0,0,NULL),(160,'Pamelina','McVity','pmcvity4f@dedecms.com','754-865-7397','2020-11-26','G','-',1,0,0,NULL),(161,'Ambrose','Looney','alooney4g@rakuten.co.jp','130-755-3327','2021-06-03','B','-',1,0,0,NULL),(162,'Bernardo','Giddons','bgiddons4h@lycos.com','199-944-4630','2020-09-28','G','-',1,0,0,NULL),(163,'Roseann','Cotes','rcotes4i@state.gov','866-779-4954','2020-12-22','G','-',1,0,0,NULL),(164,'Thorsten','Ballsdon','tballsdon4j@fotki.com','731-241-6656','2020-12-06','G','-',1,0,0,NULL),(165,'Zolly','MacCleod','zmaccleod4k@accuweather.com','432-813-6083','2021-01-25','G','-',1,0,0,NULL),(166,'Sheela','Crossfeld','scrossfeld4l@cbc.ca','925-795-6881','2020-07-12','B','-',1,0,0,NULL),(167,'Ammamaria','Moat','amoat4m@xrea.com','586-284-5890','2020-08-21','S','-',1,0,0,NULL),(168,'Der','Gedling','dgedling4n@squidoo.com','306-448-0042','2021-05-22','S','-',1,0,0,NULL),(169,'Ede','Massingham','emassingham4o@newyorker.com','718-652-9388','2021-02-22','G','-',1,0,0,NULL),(170,'Alysa','Cornilli','acornilli4p@csmonitor.com','679-543-8615','2020-10-11','G','-',1,0,0,NULL),(171,'Zelda','Pennone','zpennone4q@squarespace.com','824-569-5274','2020-11-13','G','-',1,0,0,NULL),(172,'Courtnay','Sissel','csissel4r@tripadvisor.com','522-695-7417','2020-11-27','B','-',1,0,0,NULL),(173,'Laurice','Vigar','lvigar4s@phoca.cz','233-364-4471','2020-09-29','S','-',1,0,0,NULL),(174,'Roma','Rydeard','rrydeard4t@gravatar.com','913-445-4336','2020-09-01','B','-',1,0,0,NULL),(175,'Agustin','Monroe','amonroe4u@desdev.cn','334-319-5827','2021-03-22','G','-',1,0,0,NULL),(176,'Ellis','Eaklee','eeaklee4v@nps.gov','735-257-2894','2021-01-09','G','-',1,0,0,NULL),(177,'Larine','Budgett','lbudgett4w@home.pl','439-945-7807','2020-09-17','G','-',1,0,0,NULL),(178,'Babbette','Frizell','bfrizell4x@yelp.com','425-458-7977','2021-05-11','G','-',1,0,0,NULL),(179,'Flore','Hymers','fhymers4y@cnbc.com','346-473-2998','2021-05-10','G','-',1,0,0,NULL),(180,'Gusty','Caddell','gcaddell4z@t.co','128-261-1332','2020-12-02','G','-',1,0,0,NULL),(181,'Myranda','Antonopoulos','mantonopoulos50@mit.edu','359-232-3136','2021-04-26','B','-',1,0,0,NULL),(182,'Zonda','Jeanet','zjeanet51@blinklist.com','786-978-2524','2021-04-23','S','-',1,0,0,NULL),(183,'Berky','Chittem','bchittem52@aboutads.info','446-752-8908','2021-01-04','G','-',1,0,0,NULL),(184,'Prudence','Kleinhaus','pkleinhaus53@1688.com','799-441-2918','2021-03-21','S','-',1,0,0,NULL),(185,'Zebedee','Lakeland','zlakeland54@illinois.edu','172-833-3612','2020-07-05','S','-',1,0,0,NULL),(186,'Ursuline','Gownge','ugownge55@springer.com','314-895-1193','2020-12-28','G','-',1,0,0,NULL),(187,'Nonah','McRannell','nmcrannell56@adobe.com','418-310-4277','2020-10-05','G','-',1,0,0,NULL),(188,'Norma','McTaggart','nmctaggart57@wp.com','225-978-8147','2021-05-02','G','-',1,0,0,NULL),(189,'Cyndia','Kach','ckach58@walmart.com','378-937-1199','2021-02-05','G','-',1,0,0,NULL),(190,'Lyle','Commucci','lcommucci59@amazon.co.uk','660-231-9014','2020-10-04','S','-',1,0,0,NULL),(191,'Ivan','Maass','imaass5a@devhub.com','446-875-9115','2021-02-27','S','-',1,0,0,NULL),(192,'Augusta','Huitson','ahuitson5b@earthlink.net','713-964-8350','2020-12-16','G','-',1,0,0,NULL),(193,'Davida','Schooling','dschooling5c@bluehost.com','778-710-2172','2020-08-06','G','-',1,0,0,NULL),(194,'Ingra','Northbridge','inorthbridge5d@epa.gov','689-711-5035','2020-06-17','S','-',1,0,0,NULL),(195,'Elyn','Tranckle','etranckle5e@plala.or.jp','341-599-1498','2021-04-28','S','-',1,0,0,NULL),(196,'Penny','Slingsby','pslingsby5f@answers.com','733-356-9966','2020-06-17','B','-',1,0,0,NULL),(197,'Karl','Connal','kconnal5g@flickr.com','205-648-9532','2020-07-09','G','-',1,0,0,NULL),(198,'Denice','Duberry','dduberry5h@china.com.cn','899-670-9328','2021-03-21','S','-',1,0,0,NULL),(199,'Valaree','Loxdale','vloxdale5i@usa.gov','944-584-1144','2020-08-05','G','-',1,0,0,NULL),(200,'Lockwood','Richie','lrichie5j@opensource.org','154-474-7547','2021-04-24','G','-',1,0,0,NULL),(201,'Emalia','Wadeson','ewadeson5k@cnbc.com','479-324-2309','2020-08-17','B','-',1,0,0,NULL),(202,'Rosemarie','Dunkinson','rdunkinson5l@army.mil','531-900-0117','2021-01-18','B','-',1,0,0,NULL),(203,'Britteny','Paradin','bparadin5m@ycombinator.com','469-312-9427','2021-01-24','G','-',1,0,0,NULL),(204,'Karel','Davie','kdavie5n@ameblo.jp','919-956-3241','2021-03-26','S','-',1,0,0,NULL),(205,'Jessie','Easlea','jeaslea5o@jigsy.com','731-352-3086','2021-03-06','G','-',1,0,0,NULL),(206,'Cecile','McQuorkell','cmcquorkell5p@slashdot.org','753-965-0965','2020-11-14','S','-',1,0,0,NULL),(207,'Mohammed','Jupe','mjupe5q@wired.com','531-117-0756','2020-06-11','S','-',1,0,0,NULL),(208,'Carin','Buterton','cbuterton5r@github.com','225-980-9290','2021-05-21','S','-',1,0,0,NULL),(209,'Norrie','Vasovic','nvasovic5s@creativecommons.org','674-969-2729','2020-10-10','S','-',1,0,0,NULL),(210,'Hugo','Stirland','hstirland5t@sfgate.com','612-983-4912','2021-05-16','S','-',1,0,0,NULL),(211,'Faustina','Hugonet','fhugonet5u@123-reg.co.uk','463-583-0365','2021-03-22','G','-',1,0,0,NULL),(212,'Goldy','Ilchenko','gilchenko5v@java.com','475-922-6202','2020-09-02','B','-',1,0,0,NULL),(213,'Shirleen','Barthel','sbarthel5w@clickbank.net','766-938-2807','2021-01-16','G','-',1,0,0,NULL),(214,'Carlin','Doggrell','cdoggrell5x@hao123.com','704-305-2773','2020-11-29','G','-',1,0,0,NULL),(215,'Egbert','Madden','emadden5y@msn.com','496-383-3268','2021-05-07','G','-',1,0,0,NULL),(216,'Shawnee','Vaney','svaney5z@wikia.com','368-329-9230','2020-11-05','B','-',1,0,0,NULL),(217,'Fairleigh','Adamkiewicz','fadamkiewicz60@ow.ly','994-104-3697','2020-08-23','B','-',1,0,0,NULL),(218,'Veronique','Ashbridge','vashbridge61@vinaora.com','332-914-0211','2021-06-06','G','-',1,0,0,NULL),(219,'Fredelia','Chorlton','fchorlton62@hud.gov','254-245-8939','2021-03-31','B','-',1,0,0,NULL),(220,'Linnet','Dundin','ldundin63@nature.com','753-425-4231','2021-05-27','G','-',1,0,0,NULL),(221,'Ardisj','Dunston','adunston64@aol.com','679-688-7888','2020-12-24','B','-',1,0,0,NULL),(222,'Marsh','Meekin','mmeekin65@state.tx.us','643-760-4277','2021-06-05','S','-',1,0,0,NULL),(223,'Forest','Brewett','fbrewett66@shop-pro.jp','723-672-2151','2020-10-16','B','-',1,0,0,NULL),(224,'Kerry','Bere','kbere67@wordpress.com','619-887-4972','2021-01-01','G','-',1,0,0,NULL),(225,'Elisha','Meighan','emeighan68@icio.us','262-131-1347','2021-02-04','G','-',1,0,0,NULL),(226,'Blane','Plumley','bplumley69@oracle.com','508-661-4325','2021-05-29','S','-',1,0,0,NULL),(227,'Fraser','Hardie','fhardie6a@state.tx.us','499-654-1331','2020-08-12','G','-',1,0,0,NULL),(228,'Hector','Kerman','hkerman6b@tripadvisor.com','776-407-2010','2021-05-23','S','-',1,0,0,NULL),(229,'Stephen','Kaine','skaine6c@yellowpages.com','501-719-6531','2020-07-21','G','-',1,0,0,NULL),(230,'Elbertina','Bertolaccini','ebertolaccini6d@ow.ly','741-312-1183','2020-09-23','B','-',1,0,0,NULL),(231,'Cyndie','Habden','chabden6e@yelp.com','953-844-6476','2020-08-14','G','-',1,0,0,NULL),(232,'Candace','Jeacocke','cjeacocke6f@histats.com','939-446-6470','2020-11-14','G','-',1,0,0,NULL),(233,'Martha','Kimbling','mkimbling6g@multiply.com','566-207-5931','2020-11-06','S','-',1,0,0,NULL),(234,'Mariette','Airth','mairth6h@creativecommons.org','742-532-9832','2021-03-12','G','-',1,0,0,NULL),(235,'Nettle','Biagini','nbiagini6i@addthis.com','280-946-1408','2020-06-30','B','-',1,0,0,NULL),(236,'Ardys','Oldale','aoldale6j@yellowbook.com','369-595-4678','2021-02-10','S','-',1,0,0,NULL),(237,'Obed','Hinchon','ohinchon6k@naver.com','744-422-6349','2021-04-21','G','-',1,0,0,NULL),(238,'Julio','Dairton','jdairton6l@usda.gov','658-757-3970','2021-01-26','G','-',1,0,0,NULL),(239,'Basile','Tierny','btierny6m@webs.com','311-617-8719','2021-04-24','G','-',1,0,0,NULL),(240,'Arv','Walpole','awalpole6n@quantcast.com','735-450-9882','2021-01-04','G','-',1,0,0,NULL),(241,'Nicko','Fay','nfay6o@aol.com','507-138-8874','2020-09-09','G','-',1,0,0,NULL),(242,'Minetta','Rummer','mrummer6p@dedecms.com','629-220-3961','2020-11-13','B','-',1,0,0,NULL),(243,'Glynnis','Duxbury','gduxbury6q@disqus.com','878-112-4003','2021-02-10','G','-',1,0,0,NULL),(244,'Chiquita','Dyton','cdyton6r@japanpost.jp','723-472-2181','2020-09-05','G','-',1,0,0,NULL),(245,'Berny','Dodman','bdodman6s@ft.com','444-382-5603','2020-07-16','B','-',1,0,0,NULL),(246,'Kylen','Ingolotti','kingolotti6t@usnews.com','566-872-1139','2021-01-14','G','-',1,0,0,NULL),(247,'Jourdain','Curner','jcurner6u@wikimedia.org','501-408-0169','2021-04-13','G','-',1,0,0,NULL),(248,'Grata','Batteson','gbatteson6v@spiegel.de','924-132-3504','2020-09-18','G','-',1,0,0,NULL),(249,'Amalee','Belch','abelch6w@imgur.com','640-259-3378','2021-01-04','S','-',1,0,0,NULL),(250,'Renata','Crown','rcrown6x@chron.com','456-243-1939','2020-08-04','G','-',1,0,0,NULL),(251,'Camellia','Budgett','cbudgett6y@typepad.com','470-668-7664','2020-12-27','S','-',1,0,0,NULL),(252,'Lyn','Widocks','lwidocks6z@paypal.com','521-103-5514','2020-08-31','B','-',1,0,0,NULL),(253,'Jecho','Hurton','jhurton70@goodreads.com','102-117-7680','2020-09-24','G','-',1,0,0,NULL),(254,'Mendie','Cramond','mcramond71@macromedia.com','265-538-6194','2020-11-05','B','-',1,0,0,NULL),(255,'Jo','Cathel','jcathel72@europa.eu','574-214-1170','2021-05-20','G','-',1,0,0,NULL),(256,'Clemente','Jakaway','cjakaway73@free.fr','172-651-9532','2020-11-20','G','-',1,0,0,NULL),(257,'Roana','Haylett','rhaylett74@prlog.org','505-363-4291','2020-07-06','B','-',1,0,0,NULL),(258,'Kissiah','Searchfield','ksearchfield75@time.com','705-256-1248','2020-09-10','G','-',1,0,0,NULL),(259,'Irene','Lind','ilind76@delicious.com','796-243-2261','2020-09-01','B','-',1,0,0,NULL),(260,'Jerad','Blonfield','jblonfield77@jigsy.com','330-914-4414','2020-10-08','G','-',1,0,0,NULL),(261,'Jacob','Oolahan','joolahan78@webmd.com','671-936-0774','2021-01-14','G','-',1,0,0,NULL),(262,'Chrysa','De Biasi','cdebiasi79@nasa.gov','402-205-2597','2021-04-20','B','-',1,0,0,NULL),(263,'Karyn','Winny','kwinny7a@e-recht24.de','392-200-4666','2021-03-15','G','-',1,0,0,NULL),(264,'Jacques','Vedstra','jvedstra7b@va.gov','933-771-1539','2021-02-01','G','-',1,0,0,NULL),(265,'Wait','Szapiro','wszapiro7c@php.net','857-262-1384','2021-02-12','B','-',1,0,0,NULL),(266,'Hillery','Glidden','hglidden7d@examiner.com','630-885-2362','2020-07-13','G','-',1,0,0,NULL),(267,'Teddie','Whelpton','twhelpton7e@deliciousdays.com','325-201-1918','2021-01-17','G','-',1,0,0,NULL),(268,'Cherise','Kearns','ckearns7f@dailymail.co.uk','385-906-6153','2020-10-19','G','-',1,0,0,NULL),(269,'Lissie','Sercombe','lsercombe7g@a8.net','906-788-0064','2021-01-29','G','-',1,0,0,NULL),(270,'Paolo','Pirt','ppirt7h@4shared.com','846-790-5567','2021-05-05','S','-',1,0,0,NULL),(271,'Neall','Lamburn','nlamburn7i@marketwatch.com','947-959-7479','2021-04-11','B','-',1,0,0,NULL),(272,'Casi','Cragg','ccragg7j@tinypic.com','708-628-3490','2020-10-02','G','-',1,0,0,NULL),(273,'Lynda','Garber','lgarber7k@pcworld.com','123-683-5637','2020-09-22','G','-',1,0,0,NULL),(274,'Neill','Arthurs','narthurs7l@xrea.com','201-985-2623','2020-08-23','G','-',1,0,0,NULL),(275,'Lorrin','Mixter','lmixter7m@qq.com','283-667-6165','2020-12-26','G','-',1,0,0,NULL),(276,'Tisha','McAllen','tmcallen7n@businesswire.com','111-653-7695','2021-03-08','B','-',1,0,0,NULL),(277,'Trudey','Perch','tperch7o@macromedia.com','274-641-3090','2020-08-21','G','-',1,0,0,NULL),(278,'Earvin','Bassick','ebassick7p@nhs.uk','284-663-1035','2021-02-21','G','-',1,0,0,NULL),(279,'Nolie','Wahlberg','nwahlberg7q@fotki.com','501-425-9034','2020-12-24','G','-',1,0,0,NULL),(280,'Kelcey','Purton','kpurton7r@mac.com','104-410-1979','2021-05-04','S','-',1,0,0,NULL),(281,'Bryce','Blackader','bblackader7s@photobucket.com','495-527-7077','2021-03-13','B','-',1,0,0,NULL),(282,'Brock','Dorrell','bdorrell7t@wikimedia.org','344-810-6600','2021-05-12','S','-',1,0,0,NULL),(283,'Farrel','Rentalll','frentalll7u@senate.gov','509-802-1640','2020-11-15','G','-',1,0,0,NULL),(284,'Merell','MacSween','mmacsween7v@rambler.ru','459-424-0531','2020-06-23','B','-',1,0,0,NULL),(285,'Natalee','Vellacott','nvellacott7w@symantec.com','616-410-0476','2020-08-04','B','-',1,0,0,NULL),(286,'Violante','Lynch','vlynch7x@typepad.com','230-484-0368','2020-07-25','B','-',1,0,0,NULL),(287,'Marleah','Cuxson','mcuxson7y@merriam-webster.com','414-371-5959','2021-02-26','S','-',1,0,0,NULL),(288,'Lorin','Dearth','ldearth7z@hud.gov','416-123-6933','2021-03-02','G','-',1,0,0,NULL),(289,'Deerdre','Braffington','dbraffington80@ca.gov','583-336-4843','2020-08-10','B','-',1,0,0,NULL),(290,'Aurthur','Temperton','atemperton81@reverbnation.com','247-381-4091','2021-04-27','G','-',1,0,0,NULL),(291,'Ambrosius','Maddigan','amaddigan82@upenn.edu','329-776-2839','2020-09-22','S','-',1,0,0,NULL),(292,'Boycie','Craster','bcraster83@t.co','193-266-9192','2021-01-06','G','-',1,0,0,NULL),(293,'Puff','Dalziell','pdalziell84@parallels.com','537-702-7690','2021-01-17','G','-',1,0,0,NULL),(294,'Davida','Wabersich','dwabersich85@amazon.com','637-783-5336','2021-04-18','B','-',1,0,0,NULL),(295,'Elicia','Szubert','eszubert86@skyrock.com','637-722-7115','2021-01-08','B','-',1,0,0,NULL),(296,'Priscilla','Haccleton','phaccleton87@vkontakte.ru','447-309-2568','2021-03-02','G','-',1,0,0,NULL),(297,'Patrice','Steaning','psteaning88@thetimes.co.uk','537-218-0624','2020-08-06','G','-',1,0,0,NULL),(298,'Merna','Grieg','mgrieg89@youku.com','661-477-7816','2021-04-30','B','-',1,0,0,NULL),(299,'Chen','Stonall','cstonall8a@shutterfly.com','784-110-6297','2020-06-14','G','-',1,0,0,NULL),(300,'Babette','Cavill','bcavill8b@google.fr','871-991-4411','2021-04-19','G','-',1,0,0,NULL),(301,'Webster','Stonehewer','wstonehewer8c@google.com.au','561-944-3354','2020-08-23','S','-',1,0,0,NULL),(302,'Fiann','Christall','fchristall8d@smugmug.com','677-814-3049','2021-04-18','B','-',1,0,0,NULL),(303,'Abigail','Spering','aspering8e@oakley.com','871-142-5314','2020-06-21','G','-',1,0,0,NULL),(304,'Sergei','Poznanski','spoznanski8f@wp.com','883-996-6003','2021-03-09','G','-',1,0,0,NULL),(305,'Hubert','Jedras','hjedras8g@yellowpages.com','200-115-2047','2021-04-26','G','-',1,0,0,NULL),(306,'Cassey','Gossington','cgossington8h@patch.com','466-730-9276','2021-02-01','G','-',1,0,0,NULL),(307,'Nefen','Cyples','ncyples8i@google.com','356-805-4304','2021-03-05','S','-',1,0,0,NULL),(308,'Goober','Torbeck','gtorbeck8j@aboutads.info','319-718-5518','2020-12-06','S','-',1,0,0,NULL),(309,'Del','Musprat','dmusprat8k@lulu.com','981-539-9396','2020-09-28','B','-',1,0,0,NULL),(310,'Gregory','Shemming','gshemming8l@columbia.edu','849-823-3906','2020-06-29','G','-',1,0,0,NULL),(311,'Clyde','Jessope','cjessope8m@bing.com','605-597-2828','2021-02-03','S','-',1,0,0,NULL),(312,'Ines','Antonikov','iantonikov8n@simplemachines.org','600-831-0790','2021-03-13','B','-',1,0,0,NULL),(313,'Lira','Soldan','lsoldan8o@example.com','658-754-4119','2020-08-14','G','-',1,0,0,NULL),(314,'Floria','Scammell','fscammell8p@webnode.com','422-593-9031','2021-01-04','S','-',1,0,0,NULL),(315,'Tish','McGinn','tmcginn8q@vimeo.com','382-339-7802','2020-09-20','S','-',1,0,0,NULL),(316,'Roger','MacHoste','rmachoste8r@hugedomains.com','591-782-4419','2020-07-05','B','-',1,0,0,NULL),(317,'Oliver','Poel','opoel8s@google.ca','574-924-3454','2020-07-22','G','-',1,0,0,NULL),(318,'Randall','Million','rmillion8t@eventbrite.com','812-710-8947','2021-03-06','B','-',1,0,0,NULL),(319,'Jayne','Kivits','jkivits8u@answers.com','413-874-5512','2021-01-23','G','-',1,0,0,NULL),(320,'Jerald','MacGillicuddy','jmacgillicuddy8v@businesswire.com','963-118-6568','2020-10-18','G','-',1,0,0,NULL),(321,'Goldarina','Jeacop','gjeacop8w@homestead.com','553-797-3330','2020-08-23','G','-',1,0,0,NULL),(322,'Gerry','Champerlen','gchamperlen8x@seattletimes.com','951-996-2648','2020-06-14','B','-',1,0,0,NULL),(323,'Noak','Valero','nvalero8y@wix.com','521-463-4421','2020-08-25','B','-',1,0,0,NULL),(324,'Ingaberg','Panting','ipanting8z@nymag.com','839-811-4997','2021-02-15','S','-',1,0,0,NULL),(325,'Wrennie','Paaso','wpaaso90@360.cn','757-357-0666','2020-07-25','G','-',1,0,0,NULL),(326,'Hadleigh','Habron','hhabron91@a8.net','799-461-0190','2020-10-12','B','-',1,0,0,NULL),(327,'Neila','Daviot','ndaviot92@google.com.br','394-233-1340','2020-11-07','B','-',1,0,0,NULL),(328,'Wally','Napoleone','wnapoleone93@sohu.com','236-785-8098','2020-10-01','G','-',1,0,0,NULL),(329,'Joycelin','Colquhoun','jcolquhoun94@wikipedia.org','940-117-1392','2021-02-10','G','-',1,0,0,NULL),(330,'Marlane','Gookes','mgookes95@paginegialle.it','782-490-0398','2021-05-18','G','-',1,0,0,NULL),(331,'Malanie','Pattington','mpattington96@usnews.com','183-972-2719','2020-10-03','G','-',1,0,0,NULL),(332,'Rab','Samwaye','rsamwaye97@icio.us','961-149-9038','2020-10-15','G','-',1,0,0,NULL),(333,'Oliy','Laterza','olaterza98@bloomberg.com','882-280-3887','2021-05-03','G','-',1,0,0,NULL),(334,'Gilberto','Thornbarrow','gthornbarrow99@wix.com','412-178-7243','2020-10-24','G','-',1,0,0,NULL),(335,'Ferrel','Wims','fwims9a@tinypic.com','482-888-9836','2020-09-05','B','-',1,0,0,NULL),(336,'Rasia','Bunston','rbunston9b@dmoz.org','742-656-3860','2021-04-10','G','-',1,0,0,NULL),(337,'Emmaline','MacAlpine','emacalpine9c@desdev.cn','284-176-8329','2020-07-27','B','-',1,0,0,NULL),(338,'Garrot','Farquarson','gfarquarson9d@blogger.com','486-238-8974','2020-06-14','G','-',1,0,0,NULL),(339,'Jordan','Broadstock','jbroadstock9e@e-recht24.de','623-588-6716','2021-04-14','S','-',1,0,0,NULL),(340,'Denice','Bruna','dbruna9f@webmd.com','897-164-3084','2021-01-08','G','-',1,0,0,NULL),(341,'Selene','Broadis','sbroadis9g@macromedia.com','566-962-0048','2021-01-27','G','-',1,0,0,NULL),(342,'Werner','Rymill','wrymill9h@wisc.edu','974-672-1745','2021-03-08','S','-',1,0,0,NULL),(343,'Tally','Hillam','thillam9i@skype.com','488-827-2497','2020-08-21','S','-',1,0,0,NULL),(344,'Amabelle','Adami','aadami9j@wp.com','190-980-6322','2020-12-26','G','-',1,0,0,NULL),(345,'Selie','Buzzing','sbuzzing9k@diigo.com','753-873-1250','2021-01-06','G','-',1,0,0,NULL),(346,'Cherin','Rider','crider9l@behance.net','282-942-8167','2021-01-11','G','-',1,0,0,NULL),(347,'Thomasine','Boots','tboots9m@imageshack.us','962-868-2279','2020-09-01','B','-',1,0,0,NULL),(348,'Vivienne','Grenter','vgrenter9n@t-online.de','835-579-2967','2020-06-23','G','-',1,0,0,NULL),(349,'Teodoro','Gaughan','tgaughan9o@instagram.com','166-463-6856','2021-01-07','S','-',1,0,0,NULL),(350,'Pavia','Rouch','prouch9p@cloudflare.com','866-767-8344','2020-10-11','G','-',1,0,0,NULL),(351,'Felita','Paaso','fpaaso9q@com.com','386-981-0596','2021-01-21','G','-',1,0,0,NULL),(352,'Margette','Haysey','mhaysey9r@nps.gov','176-196-4690','2020-07-02','G','-',1,0,0,NULL),(353,'Jordana','Moulder','jmoulder9s@gnu.org','471-581-5500','2021-01-21','S','-',1,0,0,NULL),(354,'Adele','Amar','aamar9t@mapy.cz','342-955-2711','2020-09-25','G','-',1,0,0,NULL),(355,'Tommi','Ahern','tahern9u@sitemeter.com','337-341-3151','2021-04-28','G','-',1,0,0,NULL),(356,'Rolando','Illwell','rillwell9v@e-recht24.de','817-102-5369','2021-03-28','S','-',1,0,0,NULL),(357,'Britni','Gresty','bgresty9w@mit.edu','363-175-6432','2021-02-19','B','-',1,0,0,NULL),(358,'Kendra','Jumeau','kjumeau9x@answers.com','910-572-5944','2020-07-24','G','-',1,0,0,NULL),(359,'Lida','Utting','lutting9y@51.la','560-677-6492','2020-11-02','S','-',1,0,0,NULL),(360,'Faina','Merry','fmerry9z@opera.com','129-788-7467','2020-08-10','B','-',1,0,0,NULL),(361,'Jud','Vasser','jvassera0@smugmug.com','200-279-6643','2021-04-17','G','-',1,0,0,NULL),(362,'Baird','Yerbury','byerburya1@sourceforge.net','406-836-1150','2020-11-09','B','-',1,0,0,NULL),(363,'Lynna','Hedgeley','lhedgeleya2@samsung.com','121-520-1500','2020-12-17','G','-',1,0,0,NULL),(364,'Karina','Bentje','kbentjea3@weibo.com','889-462-9439','2021-03-09','G','-',1,0,0,NULL),(365,'Carr','Woodberry','cwoodberrya4@flickr.com','129-920-1409','2020-10-21','G','-',1,0,0,NULL),(366,'Broddy','Elletson','belletsona5@deviantart.com','149-847-1101','2020-07-18','B','-',1,0,0,NULL),(367,'Alisha','Sam','asama6@prweb.com','101-581-9602','2020-10-18','G','-',1,0,0,NULL),(368,'Toinette','Angliss','tanglissa7@cafepress.com','760-311-0745','2021-03-24','S','-',1,0,0,NULL),(369,'Manda','Hutchens','mhutchensa8@google.ru','102-955-2238','2020-10-30','G','-',1,0,0,NULL),(370,'Brice','Goodspeed','bgoodspeeda9@pinterest.com','493-744-5293','2020-09-16','B','-',1,0,0,NULL),(371,'Vyky','Piper','vpiperaa@army.mil','767-525-6586','2020-06-13','G','-',1,0,0,NULL),(372,'Leda','Ireson','liresonab@wikimedia.org','483-953-5713','2020-09-07','B','-',1,0,0,NULL),(373,'Katti','Middle','kmiddleac@seattletimes.com','261-905-2657','2020-11-14','G','-',1,0,0,NULL),(374,'Nanice','Rosindill','nrosindillad@guardian.co.uk','421-863-1110','2020-07-21','B','-',1,0,0,NULL),(375,'Fredelia','Cornford','fcornfordae@wiley.com','598-416-3383','2020-06-28','G','-',1,0,0,NULL),(376,'Chuck','Clavey','cclaveyaf@chronoengine.com','964-180-1297','2021-05-09','G','-',1,0,0,NULL),(377,'Dominique','Reilinger','dreilingerag@independent.co.uk','765-742-0697','2020-11-24','G','-',1,0,0,NULL),(378,'Libbey','Midlane','lmidlaneah@posterous.com','518-483-9311','2021-02-01','G','-',1,0,0,NULL),(379,'Dorice','Limpertz','dlimpertzai@freewebs.com','473-532-4622','2021-04-15','S','-',1,0,0,NULL),(380,'Trumann','Shakspeare','tshakspeareaj@ucoz.com','327-668-6233','2020-07-13','B','-',1,0,0,NULL),(381,'Ardith','Clavering','aclaveringak@hud.gov','165-561-5218','2020-12-23','B','-',1,0,0,NULL),(382,'Nana','Van der Velde','nvanderveldeal@canalblog.com','257-694-8228','2020-06-29','G','-',1,0,0,NULL),(383,'Giralda','Sisley','gsisleyam@about.me','526-986-6260','2020-09-04','G','-',1,0,0,NULL),(384,'Andrew','Farlane','afarlanean@angelfire.com','967-993-4886','2020-06-15','B','-',1,0,0,NULL),(385,'Ermentrude','Anten','eantenao@rakuten.co.jp','272-884-5345','2020-06-17','S','-',1,0,0,NULL),(386,'Matthew','Biggs','mbiggsap@list-manage.com','182-830-1566','2020-10-28','G','-',1,0,0,NULL),(387,'Yuma','O\' Mullane','yomullaneaq@addtoany.com','471-666-5218','2021-01-23','S','-',1,0,0,NULL),(388,'Thelma','Jansky','tjanskyar@webeden.co.uk','292-745-9323','2020-10-19','G','-',1,0,0,NULL),(389,'Terence','Reef','treefas@ft.com','109-344-0287','2021-06-07','S','-',1,0,0,NULL),(390,'Trace','Iacobetto','tiacobettoat@ucla.edu','666-797-3061','2020-12-19','G','-',1,0,0,NULL),(391,'Stuart','Lennie','slennieau@bigcartel.com','956-374-5495','2020-09-28','G','-',1,0,0,NULL),(392,'Deana','Sutch','dsutchav@symantec.com','910-332-1106','2021-02-20','B','-',1,0,0,NULL),(393,'Caryl','Lawrey','clawreyaw@google.fr','857-709-3504','2020-09-05','B','-',1,0,0,NULL),(394,'Margaux','Abby','mabbyax@hp.com','608-188-7386','2020-07-27','G','-',1,0,0,NULL),(395,'Starla','Gobourn','sgobournay@marriott.com','596-900-9258','2020-10-31','B','-',1,0,0,NULL),(396,'Lucine','Stockton','lstocktonaz@ucoz.com','331-123-8207','2021-06-06','S','-',1,0,0,NULL),(397,'Orren','Adlington','oadlingtonb0@wp.com','204-295-8727','2021-04-13','B','-',1,0,0,NULL),(398,'Mathias','Biggs','mbiggsb1@yandex.ru','943-569-2451','2020-10-30','B','-',1,0,0,NULL),(399,'Nicola','Lummus','nlummusb2@gizmodo.com','945-356-3962','2020-10-16','S','-',1,0,0,NULL),(400,'Faye','Kabos','fkabosb3@skype.com','540-505-3143','2020-08-20','G','-',1,0,0,NULL),(401,'Bea','Ellams','bellamsb4@virginia.edu','400-203-9101','2020-06-10','B','-',1,0,0,NULL),(402,'Niles','Oxtiby','noxtibyb5@symantec.com','560-412-4090','2021-02-09','B','-',1,0,0,NULL),(403,'Niko','Halton','nhaltonb6@state.gov','859-988-4061','2021-01-20','B','-',1,0,0,NULL),(404,'Shandeigh','Morphew','smorphewb7@wikia.com','329-141-5393','2021-05-03','G','-',1,0,0,NULL),(405,'Kip','Rushmer','krushmerb8@amazon.co.jp','483-223-6715','2020-12-09','B','-',1,0,0,NULL),(406,'Truman','Habron','thabronb9@flickr.com','134-489-1141','2020-06-25','S','-',1,0,0,NULL),(407,'Roderick','Peat','rpeatba@harvard.edu','961-730-6277','2020-07-28','G','-',1,0,0,NULL),(408,'Pren','Cicco','pciccobb@linkedin.com','480-844-0944','2020-07-07','G','-',1,0,0,NULL),(409,'Layney','Coghlin','lcoghlinbc@google.pl','432-294-3923','2021-03-13','S','-',1,0,0,NULL),(410,'Pamella','MacCrossan','pmaccrossanbd@boston.com','206-444-6031','2021-03-22','S','-',1,0,0,NULL),(411,'Willamina','Kinchington','wkinchingtonbe@hostgator.com','496-138-9371','2021-01-16','G','-',1,0,0,NULL),(412,'Ermin','Travis','etravisbf@wix.com','113-414-9517','2021-04-26','B','-',1,0,0,NULL),(413,'Candra','Ezzell','cezzellbg@wordpress.org','222-517-0294','2020-10-22','B','-',1,0,0,NULL),(414,'Henrietta','Giacomazzo','hgiacomazzobh@livejournal.com','246-941-8768','2021-05-24','S','-',1,0,0,NULL),(415,'Tedie','Warlton','twarltonbi@fema.gov','184-937-6375','2020-10-09','G','-',1,0,0,NULL),(416,'Budd','Devonport','bdevonportbj@ycombinator.com','770-785-0868','2020-08-31','B','-',1,0,0,NULL),(417,'Wilhelmine','Kermott','wkermottbk@booking.com','220-138-4333','2020-08-22','G','-',1,0,0,NULL),(418,'Bron','Luckcock','bluckcockbl@storify.com','892-158-0487','2021-01-17','B','-',1,0,0,NULL),(419,'Padriac','Nunes Nabarro','pnunesnabarrobm@ucsd.edu','892-670-8628','2020-10-19','B','-',1,0,0,NULL),(420,'Helenelizabeth','Doumerque','hdoumerquebn@spiegel.de','884-850-6780','2021-02-03','G','-',1,0,0,NULL),(421,'Tadeo','Mozzetti','tmozzettibo@mapy.cz','414-393-1634','2020-09-22','G','-',1,0,0,NULL),(422,'Breena','Caplen','bcaplenbp@csmonitor.com','352-431-0150','2021-01-04','B','-',1,0,0,NULL),(423,'Sidoney','Cleobury','scleoburybq@msn.com','404-436-5386','2021-05-07','G','-',1,0,0,NULL),(424,'Arden','Redmell','aredmellbr@desdev.cn','980-193-5425','2020-12-19','G','-',1,0,0,NULL),(425,'Cele','Pennyman','cpennymanbs@hatena.ne.jp','940-551-3814','2021-03-15','G','-',1,0,0,NULL),(426,'Averil','Ead','aeadbt@adobe.com','196-412-2584','2021-04-20','B','-',1,0,0,NULL),(427,'Jone','Bertenshaw','jbertenshawbu@seesaa.net','758-855-4892','2021-01-13','B','-',1,0,0,NULL),(428,'Monti','Riddington','mriddingtonbv@google.pl','346-279-8056','2020-06-20','G','-',1,0,0,NULL),(429,'Cristobal','Cullimore','ccullimorebw@simplemachines.org','606-718-6245','2020-10-19','B','-',1,0,0,NULL),(430,'Cassandry','Dormand','cdormandbx@alexa.com','638-466-6292','2020-07-28','G','-',1,0,0,NULL),(431,'Randy','Noorwood','rnoorwoodby@infoseek.co.jp','361-828-4946','2020-07-11','G','-',1,0,0,NULL),(432,'Verene','Killcross','vkillcrossbz@independent.co.uk','533-790-7630','2020-10-09','G','-',1,0,0,NULL),(433,'Theodosia','Bonifant','tbonifantc0@statcounter.com','363-118-8767','2021-05-11','G','-',1,0,0,NULL),(434,'Blondie','Colleer','bcolleerc1@indiegogo.com','793-607-3757','2020-08-04','B','-',1,0,0,NULL),(435,'Juliette','Goede','jgoedec2@liveinternet.ru','650-263-5628','2020-06-11','S','-',1,0,0,NULL),(436,'Patrice','Orrett','porrettc3@nba.com','901-610-3203','2021-05-29','S','-',1,0,0,NULL),(437,'Micheil','Brittain','mbrittainc4@java.com','756-945-4053','2021-01-14','G','-',1,0,0,NULL),(438,'Dorene','Slimm','dslimmc5@flavors.me','270-821-5852','2020-11-01','B','-',1,0,0,NULL),(439,'Reggis','Altoft','raltoftc6@intel.com','924-764-8584','2021-05-30','S','-',1,0,0,NULL),(440,'Conrade','Woollaston','cwoollastonc7@bing.com','806-155-1626','2020-12-31','B','-',1,0,0,NULL),(441,'Alyda','Thorneley','athorneleyc8@live.com','426-401-5865','2020-11-15','S','-',1,0,0,NULL),(442,'Marshal','Goering','mgoeringc9@mapy.cz','333-745-2453','2020-10-24','G','-',1,0,0,NULL),(443,'Rhoda','Lepope','rlepopeca@ihg.com','754-656-1779','2020-08-19','B','-',1,0,0,NULL),(444,'Alyce','Morville','amorvillecb@instagram.com','733-489-3543','2021-02-13','S','-',1,0,0,NULL),(445,'Kinsley','Deble','kdeblecc@baidu.com','357-279-1008','2021-01-20','B','-',1,0,0,NULL),(446,'Erasmus','Blethyn','eblethyncd@bloglines.com','706-211-4977','2021-01-20','G','-',1,0,0,NULL),(447,'Sonny','Read','sreadce@japanpost.jp','198-702-9527','2021-05-03','S','-',1,0,0,NULL),(448,'Ivor','Djorvic','idjorviccf@harvard.edu','150-904-1599','2020-12-19','B','-',1,0,0,NULL),(449,'Roselia','Shacklady','rshackladycg@fotki.com','415-300-9484','2021-01-09','G','-',1,0,0,NULL),(450,'Rebecca','Lyles','rlylesch@gravatar.com','994-723-5297','2020-12-19','S','-',1,0,0,NULL),(451,'Isak','Legges','ileggesci@prweb.com','376-157-8024','2020-09-23','S','-',1,0,0,NULL),(452,'Taylor','Scraney','tscraneycj@google.co.jp','775-331-7610','2021-04-20','G','-',1,0,0,NULL),(453,'Ugo','Ballendine','uballendineck@cpanel.net','898-316-9499','2020-08-24','S','-',1,0,0,NULL),(454,'Alvina','McLukie','amclukiecl@delicious.com','313-738-7905','2021-06-05','G','-',1,0,0,NULL),(455,'Marla','Canet','mcanetcm@about.com','821-478-8517','2021-04-11','G','-',1,0,0,NULL),(456,'Mei','Whiteford','mwhitefordcn@live.com','857-251-0113','2020-12-12','B','-',1,0,0,NULL),(457,'Clemmy','Tutsell','ctutsellco@reference.com','543-298-9299','2020-06-29','G','-',1,0,0,NULL),(458,'Karoly','Ricard','kricardcp@usnews.com','491-372-7465','2020-09-24','G','-',1,0,0,NULL),(459,'Natka','Tabbitt','ntabbittcq@angelfire.com','510-320-4980','2021-04-18','G','-',1,0,0,NULL),(460,'Hannie','Mylan','hmylancr@t-online.de','306-778-0736','2021-04-07','B','-',1,0,0,NULL),(461,'Winifield','Brazener','wbrazenercs@youku.com','891-571-4748','2020-09-26','G','-',1,0,0,NULL),(462,'Shawn','Malby','smalbyct@joomla.org','520-314-9674','2020-12-03','G','-',1,0,0,NULL),(463,'Pen','Borgars','pborgarscu@ow.ly','732-350-0615','2020-08-10','S','-',1,0,0,NULL),(464,'Helge','Klos','hkloscv@cpanel.net','911-960-1322','2020-12-01','G','-',1,0,0,NULL),(465,'Norry','Narramor','nnarramorcw@alexa.com','605-297-0553','2020-08-31','S','-',1,0,0,NULL),(466,'Tobi','Brenneke','tbrennekecx@parallels.com','209-935-7073','2020-06-11','S','-',1,0,0,NULL),(467,'Caty','Haslin','chaslincy@quantcast.com','812-174-1779','2021-03-11','B','-',1,0,0,NULL),(468,'Katrina','Kruschev','kkruschevcz@telegraph.co.uk','558-261-7015','2020-10-29','B','-',1,0,0,NULL),(469,'Lani','Grasha','lgrashad0@jiathis.com','618-861-3139','2021-06-01','B','-',1,0,0,NULL),(470,'Rolland','Santhouse','rsanthoused1@youtu.be','244-195-8155','2021-02-25','B','-',1,0,0,NULL),(471,'Aretha','Synder','asynderd2@npr.org','533-605-8913','2021-01-24','G','-',1,0,0,NULL),(472,'Desiri','Bern','dbernd3@earthlink.net','375-916-2871','2020-11-15','B','-',1,0,0,NULL),(473,'Tirrell','Cavaney','tcavaneyd4@china.com.cn','806-272-2870','2020-12-10','B','-',1,0,0,NULL),(474,'Pietra','Pearmain','ppearmaind5@symantec.com','445-881-5619','2020-12-12','S','-',1,0,0,NULL),(475,'Jeffie','Fisbey','jfisbeyd6@indiegogo.com','416-963-0836','2020-12-11','G','-',1,0,0,NULL),(476,'Dame','Atwel','datweld7@fda.gov','907-213-4158','2020-09-03','S','-',1,0,0,NULL),(477,'Norris','Denys','ndenysd8@constantcontact.com','611-291-3394','2021-04-01','G','-',1,0,0,NULL),(478,'Natty','Davidek','ndavidekd9@senate.gov','628-765-3821','2021-02-05','S','-',1,0,0,NULL),(479,'Jelene','Pladen','jpladenda@meetup.com','117-775-6738','2020-08-21','S','-',1,0,0,NULL),(480,'Niko','Dunne','ndunnedb@i2i.jp','443-698-0418','2020-08-06','G','-',1,0,0,NULL),(481,'Shaine','Konzel','skonzeldc@abc.net.au','716-161-8136','2021-03-06','G','-',1,0,0,NULL),(482,'Fleming','Burdell','fburdelldd@scientificamerican.com','755-291-6412','2020-10-13','G','-',1,0,0,NULL),(483,'Letizia','Sallarie','lsallariede@sun.com','653-201-3688','2020-09-04','B','-',1,0,0,NULL),(484,'Keven','Male','kmaledf@nifty.com','921-738-9119','2020-08-06','G','-',1,0,0,NULL),(485,'Ronnica','Claire','rclairedg@miitbeian.gov.cn','852-719-2121','2020-07-02','B','-',1,0,0,NULL),(486,'Hube','Dormand','hdormanddh@t.co','456-725-0400','2021-04-18','B','-',1,0,0,NULL),(487,'Adey','Fitkin','afitkindi@bloglovin.com','640-279-7632','2021-01-13','G','-',1,0,0,NULL),(488,'Tedra','Madle','tmadledj@eventbrite.com','875-722-0800','2021-05-28','B','-',1,0,0,NULL),(489,'Leon','Dykas','ldykasdk@reverbnation.com','703-814-7552','2021-02-02','G','-',1,0,0,NULL),(490,'Carolina','Meffin','cmeffindl@cyberchimps.com','305-657-7253','2020-12-09','B','-',1,0,0,NULL),(491,'Duane','Martinelli','dmartinellidm@huffingtonpost.com','825-896-7480','2020-10-28','G','-',1,0,0,NULL),(492,'Winnie','Jacke','wjackedn@indiegogo.com','237-217-4123','2020-10-21','G','-',1,0,0,NULL),(493,'Alis','Kristoffersen','akristoffersendo@oakley.com','962-168-9194','2021-04-04','S','-',1,0,0,NULL),(494,'Meagan','Southerns','msouthernsdp@opensource.org','917-505-5512','2020-10-04','B','-',1,0,0,NULL),(495,'Kippie','Emmer','kemmerdq@latimes.com','176-399-3297','2020-09-16','G','-',1,0,0,NULL),(496,'Colly','Melville','cmelvilledr@domainmarket.com','730-611-1764','2021-06-08','G','-',1,0,0,NULL),(497,'Desi','Prew','dprewds@ca.gov','124-113-0839','2020-11-24','S','-',1,0,0,NULL),(498,'Samara','Spurnier','sspurnierdt@4shared.com','214-994-6001','2021-01-10','G','-',1,0,0,NULL),(499,'Ettie','Spurier','espurierdu@blogger.com','539-811-9056','2021-03-31','S','-',1,0,0,NULL),(500,'Filia','Sainer','fsainerdv@gov.uk','318-890-3066','2020-07-08','S','-',1,0,0,NULL),(501,'Angelico','Hobden','ahobdendw@yahoo.com','504-136-1427','2021-02-27','G','-',1,0,0,NULL),(502,'Eolande','Morsey','emorseydx@livejournal.com','101-814-1597','2021-04-14','S','-',1,0,0,NULL),(503,'Floris','Yurtsev','fyurtsevdy@prweb.com','461-794-1367','2021-01-22','G','-',1,0,0,NULL),(504,'Pearla','Daal','pdaaldz@jiathis.com','607-488-2721','2021-01-23','B','-',1,0,0,NULL),(505,'Dixie','Joddins','djoddinse0@java.com','375-102-0542','2021-05-13','G','-',1,0,0,NULL),(506,'Pamelina','Longwood','plongwoode1@sitemeter.com','129-703-5963','2021-01-17','B','-',1,0,0,NULL),(507,'Theodora','Athow','tathowe2@paginegialle.it','387-914-4582','2020-09-12','S','-',1,0,0,NULL),(508,'Goldarina','Arkell','garkelle3@nbcnews.com','798-203-9868','2020-08-19','G','-',1,0,0,NULL),(509,'Antoni','Grayling','agraylinge4@geocities.jp','752-688-1621','2021-02-16','S','-',1,0,0,NULL),(510,'Meg','Innocent','minnocente5@surveymonkey.com','985-462-9132','2020-10-17','S','-',1,0,0,NULL),(511,'Charmaine','Dureden','cduredene6@vistaprint.com','249-932-5218','2020-07-04','B','-',1,0,0,NULL),(512,'Diann','Addinall','daddinalle7@washingtonpost.com','334-617-0859','2020-11-03','G','-',1,0,0,NULL),(513,'Gardner','Huxstep','ghuxstepe8@techcrunch.com','774-526-2730','2020-11-25','G','-',1,0,0,NULL),(514,'Jacynth','Reeds','jreedse9@wufoo.com','670-794-4796','2020-07-31','G','-',1,0,0,NULL),(515,'Kip','Berr','kberrea@archive.org','769-485-6879','2021-05-04','S','-',1,0,0,NULL),(516,'Lucia','Ashburne','lashburneeb@ustream.tv','512-847-7217','2021-04-15','G','-',1,0,0,NULL),(517,'Henri','Witsey','hwitseyec@imageshack.us','225-842-9577','2021-02-02','G','-',1,0,0,NULL),(518,'Noellyn','Durnill','ndurnilled@symantec.com','609-291-9471','2021-01-22','G','-',1,0,0,NULL),(519,'Silvana','Camell','scamellee@mail.ru','147-391-1326','2020-10-17','G','-',1,0,0,NULL),(520,'Jonas','Schuster','jschusteref@mozilla.org','800-181-7628','2021-03-09','B','-',1,0,0,NULL),(521,'Dame','Pashley','dpashleyeg@wordpress.org','305-674-3063','2021-01-17','S','-',1,0,0,NULL),(522,'Jaquenetta','Hungerford','jhungerfordeh@psu.edu','918-646-0691','2020-11-23','S','-',1,0,0,NULL),(523,'Freddy','Hailwood','fhailwoodei@bing.com','464-997-6170','2020-08-15','G','-',1,0,0,NULL),(524,'Ruprecht','Leathes','rleathesej@wix.com','600-451-2347','2021-06-08','G','-',1,0,0,NULL),(525,'Alair','Churcher','achurcherek@yahoo.co.jp','425-351-3466','2020-10-15','G','-',1,0,0,NULL),(526,'Latashia','Coggles','lcogglesel@liveinternet.ru','868-591-9700','2020-11-12','G','-',1,0,0,NULL),(527,'Lucretia','Fearick','lfearickem@usgs.gov','792-536-1577','2021-05-29','G','-',1,0,0,NULL),(528,'Hilliary','Yeliashev','hyeliasheven@mysql.com','211-661-0994','2020-08-26','S','-',1,0,0,NULL),(529,'Thomasa','Gronw','tgronweo@cocolog-nifty.com','864-621-1802','2021-05-24','G','-',1,0,0,NULL),(530,'Lacy','Budibent','lbudibentep@nba.com','870-404-5145','2021-01-05','G','-',1,0,0,NULL),(531,'Gearalt','Kime','gkimeeq@webnode.com','592-247-6251','2021-01-16','B','-',1,0,0,NULL),(532,'Renee','Brigginshaw','rbrigginshawer@fc2.com','364-994-3773','2021-02-13','B','-',1,0,0,NULL),(533,'Roman','Charlo','rcharloes@tinypic.com','731-331-4865','2021-05-20','S','-',1,0,0,NULL),(534,'Cornie','Vidyapin','cvidyapinet@bloomberg.com','164-112-8324','2021-05-02','G','-',1,0,0,NULL),(535,'Gus','Althorpe','galthorpeeu@cnbc.com','610-549-7511','2020-08-04','G','-',1,0,0,NULL),(536,'Isaiah','Goodbody','igoodbodyev@prweb.com','997-789-4913','2021-04-22','G','-',1,0,0,NULL),(537,'Torrence','Catlette','tcatletteew@salon.com','699-978-5852','2020-07-23','B','-',1,0,0,NULL),(538,'Trey','Manjot','tmanjotex@prnewswire.com','267-959-7417','2020-12-01','S','-',1,0,0,NULL),(539,'Bailey','Goaks','bgoaksey@t.co','669-558-0939','2020-07-07','S','-',1,0,0,NULL),(540,'Cordey','Hoult','choultez@washington.edu','977-689-8628','2021-04-04','G','-',1,0,0,NULL),(541,'Lianne','Pauler','lpaulerf0@npr.org','391-517-6572','2020-07-21','G','-',1,0,0,NULL),(542,'Rollo','Roz','rrozf1@unesco.org','696-829-7560','2021-02-02','S','-',1,0,0,NULL),(543,'Mabelle','Menat','mmenatf2@seesaa.net','892-240-0302','2020-10-16','B','-',1,0,0,NULL),(544,'Lindsay','Blaxton','lblaxtonf3@twitpic.com','995-821-2376','2020-07-21','G','-',1,0,0,NULL),(545,'Ninette','Lilly','nlillyf4@globo.com','188-241-0802','2020-06-19','S','-',1,0,0,NULL),(546,'Reggie','Boissieux','rboissieuxf5@amazon.de','912-908-1896','2020-07-20','S','-',1,0,0,NULL),(547,'Rossy','Raggatt','rraggattf6@harvard.edu','876-266-0076','2021-02-05','B','-',1,0,0,NULL),(548,'Geoffry','Lineker','glinekerf7@vinaora.com','563-906-8178','2020-08-29','G','-',1,0,0,NULL),(549,'Harbert','Brecon','hbreconf8@lulu.com','833-550-0666','2020-09-30','G','-',1,0,0,NULL),(550,'Anneliese','McColley','amccolleyf9@psu.edu','539-723-3987','2021-05-26','B','-',1,0,0,NULL),(551,'Carita','Bickford','cbickfordfa@aboutads.info','872-726-6527','2020-09-10','G','-',1,0,0,NULL),(552,'Corney','Aikin','caikinfb@jimdo.com','552-203-5491','2020-08-12','G','-',1,0,0,NULL),(553,'Dud','Lettsom','dlettsomfc@networksolutions.com','229-710-0036','2020-08-31','B','-',1,0,0,NULL),(554,'Orson','Lenormand','olenormandfd@smh.com.au','974-752-6720','2021-05-12','B','-',1,0,0,NULL),(555,'Roman','Gostyke','rgostykefe@mozilla.org','143-282-1290','2020-10-10','S','-',1,0,0,NULL),(556,'Pate','De Bell','pdebellff@sun.com','473-626-4902','2020-06-12','G','-',1,0,0,NULL),(557,'Norri','Rowlands','nrowlandsfg@amazon.de','117-838-2239','2020-09-09','G','-',1,0,0,NULL),(558,'Salmon','Crennell','scrennellfh@miibeian.gov.cn','203-196-0101','2021-04-27','G','-',1,0,0,NULL),(559,'Nathalie','Winterson','nwintersonfi@harvard.edu','304-936-3984','2021-05-30','B','-',1,0,0,NULL),(560,'Shaylynn','Yakubovics','syakubovicsfj@amazon.com','884-639-6804','2021-05-01','G','-',1,0,0,NULL),(561,'Goran','Evett','gevettfk@ow.ly','248-523-8707','2021-06-03','G','-',1,0,0,NULL),(562,'Jeannette','Torrecilla','jtorrecillafl@nydailynews.com','265-647-0168','2021-03-22','S','-',1,0,0,NULL),(563,'Leshia','Froome','lfroomefm@over-blog.com','908-898-9871','2020-10-14','G','-',1,0,0,NULL),(564,'Casar','Sparling','csparlingfn@tripadvisor.com','940-260-5097','2021-03-16','G','-',1,0,0,NULL),(565,'Raine','Carruth','rcarruthfo@wired.com','403-849-0626','2021-02-08','G','-',1,0,0,NULL),(566,'Fawnia','Thorwarth','fthorwarthfp@livejournal.com','918-677-5369','2020-08-10','G','-',1,0,0,NULL),(567,'Phebe','Crump','pcrumpfq@parallels.com','646-247-9353','2020-08-06','B','-',1,0,0,NULL),(568,'Otho','Burnel','oburnelfr@clickbank.net','725-362-2095','2020-11-18','G','-',1,0,0,NULL),(569,'Phaedra','Thombleson','pthomblesonfs@eepurl.com','432-582-6633','2021-01-13','B','-',1,0,0,NULL),(570,'Haily','Frodsham','hfrodshamft@paypal.com','150-789-0757','2020-07-12','B','-',1,0,0,NULL),(571,'Quincey','Bridgwater','qbridgwaterfu@bloomberg.com','763-632-5034','2020-10-14','B','-',1,0,0,NULL),(572,'Ernesta','Baynham','ebaynhamfv@loc.gov','505-720-1765','2020-11-29','B','-',1,0,0,NULL),(573,'Tatum','Hellmore','thellmorefw@aol.com','741-143-1627','2021-04-19','G','-',1,0,0,NULL),(574,'Theodore','Brugman','tbrugmanfx@yahoo.co.jp','742-593-8252','2020-06-30','B','-',1,0,0,NULL),(575,'Joanne','McAulay','jmcaulayfy@google.co.jp','461-853-8165','2020-11-08','G','-',1,0,0,NULL),(576,'Jdavie','Fencott','jfencottfz@jiathis.com','330-540-2121','2020-09-15','S','-',1,0,0,NULL),(577,'Allyce','Struijs','astruijsg0@printfriendly.com','894-731-2647','2020-11-19','G','-',1,0,0,NULL),(578,'Vere','Corbett','vcorbettg1@google.pl','376-293-6493','2021-03-01','B','-',1,0,0,NULL),(579,'Virgil','Wilcinskis','vwilcinskisg2@dmoz.org','656-985-8937','2020-06-26','G','-',1,0,0,NULL),(580,'Thibaud','Strain','tstraing3@ustream.tv','137-765-8459','2020-08-26','S','-',1,0,0,NULL),(581,'Tyne','Karsh','tkarshg4@hexun.com','971-880-5204','2020-06-17','G','-',1,0,0,NULL),(582,'Carlye','Bissell','cbissellg5@nature.com','636-722-6593','2020-12-04','B','-',1,0,0,NULL),(583,'Cheryl','Ricci','criccig6@yandex.ru','227-105-8305','2020-06-25','B','-',1,0,0,NULL),(584,'Yalonda','Boakes','yboakesg7@rediff.com','919-225-2062','2021-02-19','B','-',1,0,0,NULL),(585,'Reuben','Dunthorn','rdunthorng8@lycos.com','854-448-0261','2020-11-27','G','-',1,0,0,NULL),(586,'Inez','Simonnot','isimonnotg9@chicagotribune.com','414-425-6850','2021-01-14','G','-',1,0,0,NULL),(587,'Ewart','Suffe','esuffega@mlb.com','779-886-8046','2020-06-26','G','-',1,0,0,NULL),(588,'Brooks','Jennaroy','bjennaroygb@walmart.com','303-317-0400','2020-12-12','S','-',1,0,0,NULL),(589,'Garry','Petkovic','gpetkovicgc@admin.ch','676-128-7839','2020-07-07','S','-',1,0,0,NULL),(590,'Hephzibah','Satterly','hsatterlygd@tiny.cc','821-683-3508','2020-09-10','G','-',1,0,0,NULL),(591,'Sallee','Pitsall','spitsallge@photobucket.com','987-805-1927','2020-09-08','G','-',1,0,0,NULL),(592,'Maurene','Ives','mivesgf@live.com','212-513-7400','2021-04-08','G','-',1,0,0,NULL),(593,'Aggie','Readwing','areadwinggg@facebook.com','607-167-5440','2021-02-27','G','-',1,0,0,NULL),(594,'Imogen','Hartnell','ihartnellgh@alexa.com','259-712-3746','2020-06-28','B','-',1,0,0,NULL),(595,'Cristal','Attow','cattowgi@ted.com','231-495-2854','2021-03-30','G','-',1,0,0,NULL),(596,'Bert','Puckrin','bpuckringj@ask.com','250-113-1547','2021-04-08','S','-',1,0,0,NULL),(597,'Cornela','Rorke','crorkegk@google.cn','686-144-0237','2020-08-29','G','-',1,0,0,NULL),(598,'Gerry','Kubala','gkubalagl@webeden.co.uk','533-991-9414','2020-09-25','G','-',1,0,0,NULL),(599,'Kenna','Mielnik','kmielnikgm@boston.com','432-401-7431','2021-02-14','G','-',1,0,0,NULL),(600,'Tallie','Siveter','tsivetergn@xinhuanet.com','152-248-3729','2020-11-25','S','-',1,0,0,NULL),(601,'Golda','Sparwell','gsparwellgo@marriott.com','368-736-0250','2020-12-11','S','-',1,0,0,NULL),(602,'Jorie','Eskriett','jeskriettgp@google.ca','362-937-8385','2021-03-23','B','-',1,0,0,NULL),(603,'Hilly','Kettoe','hkettoegq@free.fr','572-884-5908','2020-08-18','G','-',1,0,0,NULL),(604,'Billy','Curgenuer','bcurgenuergr@baidu.com','645-229-6648','2020-11-28','G','-',1,0,0,NULL),(605,'Guthry','Guye','gguyegs@ustream.tv','670-995-3128','2020-12-22','G','-',1,0,0,NULL),(606,'Jaymee','Blague','jblaguegt@scientificamerican.com','601-183-6745','2021-02-25','B','-',1,0,0,NULL),(607,'Gifford','Glanester','gglanestergu@cam.ac.uk','611-563-6040','2020-10-25','G','-',1,0,0,NULL),(608,'Floria','Ropcke','fropckegv@earthlink.net','583-740-1034','2020-06-29','G','-',1,0,0,NULL),(609,'Bucky','Braemer','bbraemergw@w3.org','187-964-4180','2021-02-28','G','-',1,0,0,NULL),(610,'Arlen','Fowls','afowlsgx@virginia.edu','521-156-4342','2021-05-29','S','-',1,0,0,NULL),(611,'Rebe','Potteridge','rpotteridgegy@opensource.org','381-587-9462','2021-04-04','G','-',1,0,0,NULL),(612,'Phaidra','Yerrington','pyerringtongz@engadget.com','942-600-7415','2021-03-22','G','-',1,0,0,NULL),(613,'Gretal','Wieprecht','gwieprechth0@blogger.com','995-151-8125','2020-12-17','G','-',1,0,0,NULL),(614,'Lynelle','Fitzroy','lfitzroyh1@seattletimes.com','944-812-1105','2020-11-04','S','-',1,0,0,NULL),(615,'Noella','Golde','ngoldeh2@marketwatch.com','154-357-7188','2020-06-24','S','-',1,0,0,NULL),(616,'Melantha','Dignum','mdignumh3@wix.com','302-913-3204','2021-04-25','B','-',1,0,0,NULL),(617,'Averil','Spera','asperah4@homestead.com','498-305-8763','2021-03-16','G','-',1,0,0,NULL),(618,'Xymenes','Kelwick','xkelwickh5@si.edu','869-336-3980','2021-03-24','G','-',1,0,0,NULL),(619,'Perri','Chinery','pchineryh6@china.com.cn','595-233-2870','2020-09-03','G','-',1,0,0,NULL),(620,'Selma','Aysik','saysikh7@meetup.com','642-583-4136','2020-11-28','B','-',1,0,0,NULL),(621,'Madlin','Hess','mhessh8@blinklist.com','435-601-4297','2020-12-15','S','-',1,0,0,NULL),(622,'Ashien','Forgie','aforgieh9@amazon.co.jp','665-664-8059','2020-11-06','B','-',1,0,0,NULL),(623,'Grete','Horsewood','ghorsewoodha@google.pl','154-461-1464','2021-04-11','B','-',1,0,0,NULL),(624,'Debora','Maharey','dmahareyhb@ifeng.com','468-881-0103','2021-01-09','G','-',1,0,0,NULL),(625,'Bonnibelle','Symcox','bsymcoxhc@noaa.gov','964-842-6525','2021-04-10','S','-',1,0,0,NULL),(626,'Othelia','Tadd','otaddhd@wikimedia.org','839-863-8467','2021-01-28','S','-',1,0,0,NULL),(627,'Tommy','Angeau','tangeauhe@yahoo.com','509-872-6527','2020-12-13','G','-',1,0,0,NULL),(628,'Alick','Sellers','asellershf@deviantart.com','111-899-8512','2020-11-09','G','-',1,0,0,NULL),(629,'Gustave','Blythin','gblythinhg@oakley.com','563-350-4902','2020-12-21','S','-',1,0,0,NULL),(630,'Aaron','Southwell','asouthwellhh@ezinearticles.com','351-367-7041','2020-12-28','S','-',1,0,0,NULL),(631,'Wilie','Ert','werthi@eventbrite.com','387-672-6101','2020-08-20','S','-',1,0,0,NULL),(632,'Amabel','Simenot','asimenothj@sfgate.com','257-506-1250','2020-10-27','B','-',1,0,0,NULL),(633,'Martita','Shand','mshandhk@behance.net','461-546-1629','2020-08-22','G','-',1,0,0,NULL),(634,'Talia','Dowty','tdowtyhl@europa.eu','167-579-8468','2020-08-19','G','-',1,0,0,NULL),(635,'Patty','Ruffli','prufflihm@imgur.com','984-281-8740','2021-03-13','S','-',1,0,0,NULL),(636,'Cullen','Todeo','ctodeohn@miitbeian.gov.cn','514-287-9345','2021-05-19','G','-',1,0,0,NULL),(637,'Esteban','Hehir','ehehirho@google.cn','296-637-5902','2020-11-21','B','-',1,0,0,NULL),(638,'Angelica','Ingolotti','aingolottihp@vkontakte.ru','547-366-4449','2020-11-27','B','-',1,0,0,NULL),(639,'Almeda','Hardy-Piggin','ahardypigginhq@fema.gov','315-145-0137','2020-10-26','G','-',1,0,0,NULL),(640,'Marty','Cottage','mcottagehr@sakura.ne.jp','270-543-4520','2020-08-21','G','-',1,0,0,NULL),(641,'Mady','Ferraro','mferrarohs@wiley.com','567-576-3468','2020-08-30','B','-',1,0,0,NULL),(642,'Gottfried','Pepin','gpepinht@msu.edu','271-704-1505','2021-02-09','G','-',1,0,0,NULL),(643,'Viviene','Giacovazzo','vgiacovazzohu@vinaora.com','363-452-5976','2021-02-01','G','-',1,0,0,NULL),(644,'Marion','Sherwell','msherwellhv@tamu.edu','251-295-5014','2020-07-05','S','-',1,0,0,NULL),(645,'Cyrus','Cattlow','ccattlowhw@kickstarter.com','945-167-8247','2021-03-05','S','-',1,0,0,NULL),(646,'Skell','Mowsdill','smowsdillhx@free.fr','743-415-9223','2021-04-21','B','-',1,0,0,NULL),(647,'Franni','Deesly','fdeeslyhy@skyrock.com','646-754-4406','2020-11-05','S','-',1,0,0,NULL),(648,'Lebbie','Schwanden','lschwandenhz@delicious.com','842-652-1739','2020-08-03','G','-',1,0,0,NULL),(649,'Berkie','Breslin','bbreslini0@usgs.gov','444-926-1094','2020-11-24','G','-',1,0,0,NULL),(650,'Aggy','Spours','aspoursi1@mapy.cz','945-323-7489','2021-01-29','S','-',1,0,0,NULL),(651,'Lucien','Pietzke','lpietzkei2@ning.com','374-679-0801','2020-08-05','G','-',1,0,0,NULL),(652,'Vina','Silcock','vsilcocki3@google.ru','329-922-0270','2020-07-09','B','-',1,0,0,NULL),(653,'Fredelia','O\'Sheils','fosheilsi4@rediff.com','369-465-6187','2020-08-19','S','-',1,0,0,NULL),(654,'Heall','Fergusson','hfergussoni5@mediafire.com','743-174-6842','2020-09-08','G','-',1,0,0,NULL),(655,'Ange','Pitkethly','apitkethlyi6@ycombinator.com','947-887-5788','2020-10-27','G','-',1,0,0,NULL),(656,'Alon','Ricciardelli','aricciardellii7@discuz.net','817-321-7296','2021-01-14','S','-',1,0,0,NULL),(657,'Gayelord','Gronav','ggronavi8@e-recht24.de','605-505-3884','2020-10-05','S','-',1,0,0,NULL),(658,'Roger','Ivanenkov','rivanenkovi9@google.fr','553-776-8362','2020-11-03','G','-',1,0,0,NULL),(659,'Katie','Brearty','kbreartyia@auda.org.au','561-340-8079','2020-12-11','G','-',1,0,0,NULL),(660,'Orel','Szantho','oszanthoib@chron.com','257-473-9734','2020-07-31','S','-',1,0,0,NULL),(661,'Alie','Brazelton','abrazeltonic@plala.or.jp','890-912-0071','2021-06-07','G','-',1,0,0,NULL),(662,'Colin','Perez','cperezid@java.com','323-364-3635','2020-11-02','G','-',1,0,0,NULL),(663,'Reider','Nicholls','rnichollsie@elegantthemes.com','477-972-3805','2021-05-19','S','-',1,0,0,NULL),(664,'Papagena','Croughan','pcroughanif@tripod.com','141-422-7777','2021-04-14','S','-',1,0,0,NULL),(665,'Livvyy','Worsnop','lworsnopig@vistaprint.com','152-405-3281','2020-09-17','G','-',1,0,0,NULL),(666,'Milly','Gallally','mgallallyih@taobao.com','371-428-5448','2020-10-16','B','-',1,0,0,NULL),(667,'Loren','Lethbury','llethburyii@gnu.org','911-594-6572','2021-01-15','G','-',1,0,0,NULL),(668,'Judah','Browse','jbrowseij@addtoany.com','168-617-6919','2021-03-30','B','-',1,0,0,NULL),(669,'Rochester','Muneely','rmuneelyik@yale.edu','962-448-0633','2020-11-08','B','-',1,0,0,NULL),(670,'Tybalt','Regenhardt','tregenhardtil@mashable.com','424-605-7129','2021-03-08','G','-',1,0,0,NULL),(671,'Pamela','Angrove','pangroveim@chron.com','736-117-3988','2020-09-10','S','-',1,0,0,NULL),(672,'Aile','Mogford','amogfordin@umich.edu','156-598-6688','2020-10-03','B','-',1,0,0,NULL),(673,'Shelley','Lindwall','slindwallio@purevolume.com','620-526-0138','2021-03-03','G','-',1,0,0,NULL),(674,'Marty','Zeplin','mzeplinip@google.com.br','487-291-4382','2020-08-27','G','-',1,0,0,NULL),(675,'Kelwin','Fawssett','kfawssettiq@symantec.com','505-520-5365','2020-12-12','S','-',1,0,0,NULL),(676,'Etty','Beric','ebericir@qq.com','152-225-7976','2021-03-04','S','-',1,0,0,NULL),(677,'Dirk','Moverley','dmoverleyis@typepad.com','129-608-7359','2020-10-06','G','-',1,0,0,NULL),(678,'Alanah','Surgeon','asurgeonit@diigo.com','833-629-1510','2020-11-13','B','-',1,0,0,NULL),(679,'Thornie','Dreger','tdregeriu@weebly.com','478-505-9648','2020-08-26','G','-',1,0,0,NULL),(680,'Tedd','Kliche','tklicheiv@marriott.com','288-587-8570','2021-04-26','S','-',1,0,0,NULL),(681,'Deborah','Couves','dcouvesiw@reverbnation.com','864-844-4456','2020-06-24','G','-',1,0,0,NULL),(682,'Karia','Freschini','kfreschiniix@wix.com','729-407-8210','2020-06-23','G','-',1,0,0,NULL),(683,'Udall','Wilstead','uwilsteadiy@skyrock.com','332-896-2850','2021-03-22','G','-',1,0,0,NULL),(684,'Karine','Korbmaker','kkorbmakeriz@simplemachines.org','592-969-6370','2021-01-15','G','-',1,0,0,NULL),(685,'Rebekah','Mobley','rmobleyj0@lycos.com','101-565-1056','2020-11-30','G','-',1,0,0,NULL),(686,'Janeva','Lovett','jlovettj1@scientificamerican.com','954-521-5704','2020-12-29','B','-',1,0,0,NULL),(687,'Lilah','Tousy','ltousyj2@techcrunch.com','276-671-6572','2020-07-02','S','-',1,0,0,NULL),(688,'Gwenni','Sickert','gsickertj3@prweb.com','154-744-3289','2020-07-01','B','-',1,0,0,NULL),(689,'Izaak','Delatour','idelatourj4@webmd.com','212-617-5539','2020-10-11','S','-',1,0,0,NULL),(690,'Roze','Plastow','rplastowj5@columbia.edu','471-962-0452','2021-01-12','B','-',1,0,0,NULL),(691,'Karl','Ongin','konginj6@moonfruit.com','703-953-0789','2020-06-23','G','-',1,0,0,NULL),(692,'Alvan','Frake','afrakej7@wikimedia.org','181-620-0967','2020-09-22','G','-',1,0,0,NULL),(693,'Gaspard','Sonschein','gsonscheinj8@bloomberg.com','324-500-3413','2021-02-24','G','-',1,0,0,NULL),(694,'Saloma','Bernardini','sbernardinij9@plala.or.jp','113-331-4116','2021-03-10','G','-',1,0,0,NULL),(695,'Efrem','Lethibridge','elethibridgeja@hhs.gov','262-354-4709','2021-05-17','B','-',1,0,0,NULL),(696,'Dalston','Langmead','dlangmeadjb@eventbrite.com','244-582-1543','2021-05-09','G','-',1,0,0,NULL),(697,'Carolyn','Patullo','cpatullojc@istockphoto.com','885-494-0142','2020-07-17','G','-',1,0,0,NULL),(698,'Vilhelmina','Barthelet','vbartheletjd@chicagotribune.com','757-975-6292','2020-07-23','G','-',1,0,0,NULL),(699,'Caterina','Bog','cbogje@dailymotion.com','771-647-1815','2020-06-17','G','-',1,0,0,NULL),(700,'Carmina','Prosch','cproschjf@lulu.com','732-438-9589','2020-12-18','B','-',1,0,0,NULL),(701,'Joel','Drinkall','jdrinkalljg@msn.com','566-397-3132','2021-04-12','B','-',1,0,0,NULL),(702,'Shandee','Schrei','sschreijh@umich.edu','193-793-0646','2021-01-07','G','-',1,0,0,NULL),(703,'Billi','Rogge','broggeji@wix.com','665-335-6427','2021-03-05','S','-',1,0,0,NULL),(704,'Markos','Whyman','mwhymanjj@omniture.com','642-292-2167','2020-10-03','B','-',1,0,0,NULL),(705,'Gilbert','Grigg','ggriggjk@cafepress.com','433-851-6232','2020-09-11','S','-',1,0,0,NULL),(706,'Scottie','Highman','shighmanjl@yale.edu','831-566-9866','2020-09-06','S','-',1,0,0,NULL),(707,'Emilie','Brazier','ebrazierjm@yellowbook.com','916-160-1673','2020-07-10','G','-',1,0,0,NULL),(708,'Carlota','Kitto','ckittojn@usnews.com','364-470-0318','2021-02-18','G','-',1,0,0,NULL),(709,'Winifield','Downie','wdowniejo@mit.edu','157-500-2648','2021-05-08','S','-',1,0,0,NULL),(710,'Shaughn','Rawsthorne','srawsthornejp@studiopress.com','939-484-7505','2020-07-23','B','-',1,0,0,NULL),(711,'Juditha','Casiroli','jcasirolijq@hexun.com','381-471-0099','2020-07-03','S','-',1,0,0,NULL),(712,'Donalt','Leuty','dleutyjr@mediafire.com','685-320-4385','2021-05-19','G','-',1,0,0,NULL),(713,'Caryl','Iacovuzzi','ciacovuzzijs@blogger.com','119-111-2450','2020-09-08','B','-',1,0,0,NULL),(714,'Anastasia','Brackpool','abrackpooljt@acquirethisname.com','232-467-6603','2020-09-20','B','-',1,0,0,NULL),(715,'Harmonia','Sones','hsonesju@xing.com','977-215-4591','2020-07-27','B','-',1,0,0,NULL),(716,'Quintana','Traise','qtraisejv@flickr.com','885-390-1265','2020-07-16','G','-',1,0,0,NULL),(717,'Welsh','Novotni','wnovotnijw@surveymonkey.com','327-389-6636','2021-03-18','G','-',1,0,0,NULL),(718,'Franky','Verity','fverityjx@ucla.edu','844-196-4902','2021-04-23','G','-',1,0,0,NULL),(719,'Yorke','McCloch','ymcclochjy@china.com.cn','154-880-9896','2020-07-26','S','-',1,0,0,NULL),(720,'Demetris','Waring','dwaringjz@bbb.org','518-416-8810','2021-04-22','G','-',1,0,0,NULL),(721,'Cristy','Losano','closanok0@google.com.au','626-466-5138','2021-05-30','G','-',1,0,0,NULL),(722,'Haydon','Whitebread','hwhitebreadk1@seesaa.net','129-403-0781','2021-05-28','B','-',1,0,0,NULL),(723,'Merrile','Beavon','mbeavonk2@com.com','470-932-7334','2021-02-22','G','-',1,0,0,NULL),(724,'Danna','de Clerc','ddeclerck3@discuz.net','400-279-9787','2020-07-30','S','-',1,0,0,NULL),(725,'Tracey','Denyer','tdenyerk4@1und1.de','238-771-0184','2020-12-02','G','-',1,0,0,NULL),(726,'Hillel','Hutchason','hhutchasonk5@mediafire.com','348-645-9053','2020-07-08','S','-',1,0,0,NULL),(727,'Tamma','Estevez','testevezk6@miibeian.gov.cn','428-737-9237','2021-03-06','B','-',1,0,0,NULL),(728,'Jarad','Ladloe','jladloek7@istockphoto.com','148-961-4339','2020-10-12','S','-',1,0,0,NULL),(729,'Urbain','Glavis','uglavisk8@phpbb.com','439-648-0393','2021-01-06','S','-',1,0,0,NULL),(730,'Merrill','Giotto','mgiottok9@arstechnica.com','666-261-4395','2021-02-03','B','-',1,0,0,NULL),(731,'Carson','Sevior','cseviorka@who.int','850-532-8277','2020-08-31','G','-',1,0,0,NULL),(732,'Robinia','Freeland','rfreelandkb@constantcontact.com','214-591-9969','2021-04-09','G','-',1,0,0,NULL),(733,'Chester','Taig','ctaigkc@netvibes.com','960-203-4468','2021-04-20','S','-',1,0,0,NULL),(734,'Tonie','Lober','tloberkd@sakura.ne.jp','571-209-3622','2021-05-30','S','-',1,0,0,NULL),(735,'Gaye','Goutcher','ggoutcherke@loc.gov','659-783-7008','2021-02-24','G','-',1,0,0,NULL),(736,'Shelbi','Switsur','sswitsurkf@fda.gov','467-644-9998','2020-12-11','S','-',1,0,0,NULL),(737,'Barb','Probey','bprobeykg@soundcloud.com','520-779-1809','2020-10-14','B','-',1,0,0,NULL),(738,'Ferrell','Samber','fsamberkh@senate.gov','777-666-4678','2020-09-03','G','-',1,0,0,NULL),(739,'Silvia','Farfoot','sfarfootki@cnn.com','120-689-6896','2020-12-05','G','-',1,0,0,NULL),(740,'Selena','Arndell','sarndellkj@weebly.com','961-962-5017','2020-06-27','B','-',1,0,0,NULL),(741,'Erv','Filipchikov','efilipchikovkk@sphinn.com','379-161-3992','2020-12-17','G','-',1,0,0,NULL),(742,'Nollie','Dobrowolny','ndobrowolnykl@bbc.co.uk','239-668-8883','2020-07-03','S','-',1,0,0,NULL),(743,'Steve','Longbottom','slongbottomkm@elegantthemes.com','920-994-5464','2020-07-30','G','-',1,0,0,NULL),(744,'Daniella','Lynock','dlynockkn@woothemes.com','116-719-0244','2021-01-31','S','-',1,0,0,NULL),(745,'Baron','Quarton','bquartonko@house.gov','695-286-0707','2021-01-14','G','-',1,0,0,NULL),(746,'Adaline','Kindley','akindleykp@domainmarket.com','765-704-9187','2020-08-29','B','-',1,0,0,NULL),(747,'Tomasine','Mattingly','tmattinglykq@theatlantic.com','424-801-6156','2021-04-23','B','-',1,0,0,NULL),(748,'Randi','Frackiewicz','rfrackiewiczkr@archive.org','582-948-5154','2020-09-04','G','-',1,0,0,NULL),(749,'Leola','Crock','lcrockks@bizjournals.com','998-574-4803','2021-05-02','G','-',1,0,0,NULL),(750,'Priscella','Pilcher','ppilcherkt@businessinsider.com','315-311-5548','2020-06-27','B','-',1,0,0,NULL),(751,'Rex','Give','rgiveku@flickr.com','342-557-9037','2020-12-31','S','-',1,0,0,NULL),(752,'Dania','Millar','dmillarkv@exblog.jp','192-930-6030','2021-04-21','G','-',1,0,0,NULL),(753,'Waring','Blazi','wblazikw@yahoo.co.jp','471-177-0023','2021-03-29','B','-',1,0,0,NULL),(754,'Hollis','Baunton','hbauntonkx@yellowbook.com','593-201-0809','2021-02-02','B','-',1,0,0,NULL),(755,'Brianne','Antognazzi','bantognazziky@tripod.com','758-986-8294','2021-04-04','G','-',1,0,0,NULL),(756,'Jilli','Cheal','jchealkz@goo.gl','641-676-8985','2021-05-31','G','-',1,0,0,NULL),(757,'Maurice','Tremmel','mtremmell0@admin.ch','179-511-8595','2021-05-26','G','-',1,0,0,NULL),(758,'Cloe','Dalliwatr','cdalliwatrl1@trellian.com','115-346-9246','2020-10-11','B','-',1,0,0,NULL),(759,'Annetta','Dimnage','adimnagel2@patch.com','632-247-4631','2020-07-02','G','-',1,0,0,NULL),(760,'Reynold','Lefort','rlefortl3@fastcompany.com','338-958-3098','2021-02-12','B','-',1,0,0,NULL),(761,'Solomon','Cleal','scleall4@quantcast.com','469-400-2261','2020-12-25','G','-',1,0,0,NULL),(762,'Raff','Baldrick','rbaldrickl5@alexa.com','996-269-0532','2020-09-07','B','-',1,0,0,NULL),(763,'Crissy','Morfell','cmorfelll6@privacy.gov.au','456-365-8583','2021-03-12','G','-',1,0,0,NULL),(764,'Rosie','Burne','rburnel7@ted.com','412-309-1244','2020-09-30','S','-',1,0,0,NULL),(765,'Gregor','Dewett','gdewettl8@ibm.com','606-931-0088','2020-06-25','B','-',1,0,0,NULL),(766,'Doris','Gutch','dgutchl9@ed.gov','817-318-9739','2021-02-06','G','-',1,0,0,NULL),(767,'Nappy','Simper','nsimperla@hc360.com','638-924-7280','2021-02-15','B','-',1,0,0,NULL),(768,'Cymbre','Rimell','crimelllb@chron.com','380-923-5574','2020-07-11','G','-',1,0,0,NULL),(769,'Fidel','Imesen','fimesenlc@shinystat.com','968-656-6245','2021-04-17','B','-',1,0,0,NULL),(770,'Marylin','Reboul','mreboulld@mac.com','468-881-8365','2021-03-19','B','-',1,0,0,NULL),(771,'Yvon','Janousek','yjanousekle@cornell.edu','809-959-0910','2020-09-09','G','-',1,0,0,NULL),(772,'Mufinella','Gittoes','mgittoeslf@360.cn','620-686-9934','2020-12-06','B','-',1,0,0,NULL),(773,'Marion','Dudenie','mdudenielg@skyrock.com','766-426-4648','2020-07-07','B','-',1,0,0,NULL),(774,'Marlane','Orrobin','morrobinlh@ask.com','470-855-7181','2020-09-10','G','-',1,0,0,NULL),(775,'Erwin','Albiston','ealbistonli@webmd.com','313-914-7908','2020-10-25','G','-',1,0,0,NULL),(776,'Andrej','Letixier','aletixierlj@latimes.com','896-824-1850','2020-09-05','G','-',1,0,0,NULL),(777,'Kleon','Reichardt','kreichardtlk@amazon.co.jp','167-869-0687','2020-09-30','G','-',1,0,0,NULL),(778,'Dinnie','McIlwrick','dmcilwrickll@example.com','543-709-0123','2021-04-15','B','-',1,0,0,NULL),(779,'Neal','Boarleyson','nboarleysonlm@howstuffworks.com','913-316-0337','2021-01-02','G','-',1,0,0,NULL),(780,'Marlo','de Tocqueville','mdetocquevilleln@ox.ac.uk','909-488-8149','2021-04-02','G','-',1,0,0,NULL),(781,'Lin','Paula','lpaulalo@ow.ly','440-522-8219','2020-09-01','G','-',1,0,0,NULL),(782,'Teodorico','Hansod','thansodlp@icq.com','636-293-2423','2020-06-16','G','-',1,0,0,NULL),(783,'Guglielmo','Meachan','gmeachanlq@cocolog-nifty.com','415-666-6791','2020-06-28','B','-',1,0,0,NULL),(784,'Maure','Ramsted','mramstedlr@themeforest.net','709-684-6945','2020-11-12','B','-',1,0,0,NULL),(785,'Nikola','Camin','ncaminls@patch.com','641-776-2191','2020-06-11','B','-',1,0,0,NULL),(786,'Jorie','Messent','jmessentlt@yellowpages.com','933-421-2138','2021-02-01','G','-',1,0,0,NULL),(787,'Hyacinthia','Pesic','hpesiclu@tinypic.com','833-998-2837','2020-12-31','B','-',1,0,0,NULL),(788,'Dominica','Goby','dgobylv@mapquest.com','558-872-2478','2020-06-15','G','-',1,0,0,NULL),(789,'Ruthanne','Paddison','rpaddisonlw@myspace.com','306-486-4835','2020-12-15','S','-',1,0,0,NULL),(790,'Arleta','Fortoun','afortounlx@istockphoto.com','115-254-8520','2021-04-15','B','-',1,0,0,NULL),(791,'Noel','Menis','nmenisly@discovery.com','518-841-6212','2021-04-01','B','-',1,0,0,NULL),(792,'Annalee','Nuschke','anuschkelz@usatoday.com','985-300-8634','2020-12-27','B','-',1,0,0,NULL),(793,'Marijo','Buzza','mbuzzam0@msn.com','933-839-8518','2021-02-23','G','-',1,0,0,NULL),(794,'Westleigh','Lemmertz','wlemmertzm1@theglobeandmail.com','572-117-7672','2020-12-31','G','-',1,0,0,NULL),(795,'Fernanda','MacBey','fmacbeym2@dedecms.com','586-349-1924','2021-01-23','G','-',1,0,0,NULL),(796,'Jose','Robbie','jrobbiem3@mashable.com','251-582-1334','2020-09-08','G','-',1,0,0,NULL),(797,'Judith','Rosling','jroslingm4@newyorker.com','277-705-5572','2021-01-31','B','-',1,0,0,NULL),(798,'Emiline','Skip','eskipm5@hibu.com','336-730-1365','2020-07-05','S','-',1,0,0,NULL),(799,'Concettina','Rolfs','crolfsm6@sphinn.com','409-185-0599','2020-06-28','G','-',1,0,0,NULL),(800,'Ardra','Jonas','ajonasm7@bandcamp.com','802-150-8067','2021-02-27','S','-',1,0,0,NULL),(801,'Alika','Heis','aheism8@flavors.me','525-991-8618','2021-03-27','S','-',1,0,0,NULL),(802,'Lorianna','Savins','lsavinsm9@miibeian.gov.cn','739-799-4277','2021-04-01','B','-',1,0,0,NULL),(803,'Frederique','McBrier','fmcbrierma@sphinn.com','311-335-9011','2021-04-04','G','-',1,0,0,NULL),(804,'Lindon','Budnk','lbudnkmb@adobe.com','489-186-2399','2021-01-20','G','-',1,0,0,NULL),(805,'Marne','Howling','mhowlingmc@163.com','270-227-4957','2021-04-26','G','-',1,0,0,NULL),(806,'Min','Hefford','mheffordmd@salon.com','903-631-2302','2021-01-11','G','-',1,0,0,NULL),(807,'Athene','Pollicott','apollicottme@census.gov','112-236-2694','2020-09-15','G','-',1,0,0,NULL),(808,'Kerwin','Petett','kpetettmf@globo.com','170-567-0538','2020-09-14','S','-',1,0,0,NULL),(809,'Latrina','Proger','lprogermg@scientificamerican.com','128-335-2143','2020-08-05','G','-',1,0,0,NULL),(810,'Damiano','Christopherson','dchristophersonmh@t.co','947-747-4288','2020-06-18','G','-',1,0,0,NULL),(811,'Berna','Oluwatoyin','boluwatoyinmi@who.int','983-720-6265','2020-11-24','G','-',1,0,0,NULL),(812,'Rockwell','Helbeck','rhelbeckmj@slideshare.net','842-925-6642','2021-04-26','G','-',1,0,0,NULL),(813,'Paco','Palphramand','ppalphramandmk@amazonaws.com','158-102-6990','2020-09-25','G','-',1,0,0,NULL),(814,'Deny','Baxter','dbaxterml@tiny.cc','443-270-1389','2020-06-19','G','-',1,0,0,NULL),(815,'Frayda','Matushenko','fmatushenkomm@printfriendly.com','390-581-8891','2020-10-11','G','-',1,0,0,NULL),(816,'Yoshiko','Bison','ybisonmn@goo.ne.jp','337-764-2855','2020-07-23','S','-',1,0,0,NULL),(817,'Esta','Bewsy','ebewsymo@netlog.com','669-539-6613','2020-12-04','B','-',1,0,0,NULL),(818,'Alick','Trout','atroutmp@comsenz.com','545-818-7426','2020-10-06','G','-',1,0,0,NULL),(819,'Madlin','Faircley','mfaircleymq@zimbio.com','275-661-3320','2020-12-31','G','-',1,0,0,NULL),(820,'Deborah','Medina','dmedinamr@mapquest.com','721-613-9848','2020-12-17','G','-',1,0,0,NULL),(821,'Bendick','Grimme','bgrimmems@dagondesign.com','237-990-4865','2021-02-07','G','-',1,0,0,NULL),(822,'Cliff','Escot','cescotmt@liveinternet.ru','217-419-7393','2021-03-12','G','-',1,0,0,NULL),(823,'Kenny','Miskimmon','kmiskimmonmu@cnn.com','266-350-9578','2020-12-29','G','-',1,0,0,NULL),(824,'Wade','Hexam','whexammv@mail.ru','443-167-0830','2021-05-23','G','-',1,0,0,NULL),(825,'Paquito','Eathorne','peathornemw@cpanel.net','913-773-0768','2020-11-27','G','-',1,0,0,NULL),(826,'Morse','Brackstone','mbrackstonemx@meetup.com','733-686-8640','2021-04-30','B','-',1,0,0,NULL),(827,'Feodor','Hussy','fhussymy@usgs.gov','815-901-2421','2020-08-17','G','-',1,0,0,NULL),(828,'Danna','Linsay','dlinsaymz@apache.org','491-917-0789','2020-07-10','S','-',1,0,0,NULL),(829,'Donni','Aizik','daizikn0@epa.gov','298-915-3003','2021-06-01','B','-',1,0,0,NULL),(830,'Wadsworth','Acres','wacresn1@bing.com','545-133-1634','2021-01-25','G','-',1,0,0,NULL),(831,'Lyda','Grzelczak','lgrzelczakn2@oracle.com','633-751-1632','2021-04-20','B','-',1,0,0,NULL),(832,'Desmond','Wallworke','dwallworken3@google.fr','999-634-0250','2021-06-08','S','-',1,0,0,NULL),(833,'Sheff','Pantone','spantonen4@google.co.jp','294-362-8646','2021-03-06','G','-',1,0,0,NULL),(834,'Glenine','Casado','gcasadon5@amazon.com','230-240-7113','2021-03-11','G','-',1,0,0,NULL),(835,'Derward','Southernwood','dsouthernwoodn6@sogou.com','905-657-6101','2020-10-12','G','-',1,0,0,NULL),(836,'Trista','Bilney','tbilneyn7@nih.gov','307-598-6750','2021-03-17','S','-',1,0,0,NULL),(837,'Edie','Dagon','edagonn8@umn.edu','145-825-1359','2021-05-26','G','-',1,0,0,NULL),(838,'Dom','Ciccotto','dciccotton9@paypal.com','165-356-7262','2021-02-12','G','-',1,0,0,NULL),(839,'Cordey','Chicco','cchiccona@gravatar.com','297-857-1037','2020-06-18','B','-',1,0,0,NULL),(840,'Emery','Satch','esatchnb@symantec.com','335-483-6564','2020-11-09','S','-',1,0,0,NULL),(841,'Kristel','Spinke','kspinkenc@mail.ru','432-185-8470','2020-11-16','S','-',1,0,0,NULL),(842,'Rhonda','Barock','rbarocknd@blinklist.com','944-661-5347','2021-05-13','S','-',1,0,0,NULL),(843,'Eleanore','Hamer','ehamerne@slideshare.net','569-273-8841','2021-04-17','G','-',1,0,0,NULL),(844,'Donny','Gouinlock','dgouinlocknf@kickstarter.com','654-333-9955','2021-03-09','G','-',1,0,0,NULL),(845,'Edd','Blyden','eblydenng@bandcamp.com','892-126-2256','2020-08-07','G','-',1,0,0,NULL),(846,'Chad','De Filippis','cdefilippisnh@symantec.com','492-713-7407','2021-03-07','B','-',1,0,0,NULL),(847,'Carmita','Ratie','cratieni@apple.com','665-896-6687','2020-07-29','B','-',1,0,0,NULL),(848,'Evvy','Jodkowski','ejodkowskinj@pagesperso-orange.fr','268-997-6629','2020-09-22','S','-',1,0,0,NULL),(849,'Iris','Tappor','itappornk@uiuc.edu','416-129-4525','2020-10-15','G','-',1,0,0,NULL),(850,'Barbette','Duhig','bduhignl@youtu.be','765-192-4351','2020-10-10','G','-',1,0,0,NULL),(851,'Danell','Cocklin','dcocklinnm@xrea.com','815-442-5971','2020-11-23','G','-',1,0,0,NULL),(852,'Felicia','Wildsmith','fwildsmithnn@amazon.co.uk','799-821-8493','2020-12-01','S','-',1,0,0,NULL),(853,'Murray','Bleiman','mbleimanno@t.co','759-706-6904','2020-07-18','G','-',1,0,0,NULL),(854,'Rafi','Tunesi','rtunesinp@walmart.com','966-400-9888','2021-05-04','G','-',1,0,0,NULL),(855,'Arvie','Oldall','aoldallnq@is.gd','880-959-8383','2021-04-14','S','-',1,0,0,NULL),(856,'Shannon','Loverock','sloverocknr@wordpress.org','805-638-8691','2021-04-26','S','-',1,0,0,NULL),(857,'Deedee','Marquiss','dmarquissns@sogou.com','663-907-8480','2021-03-30','G','-',1,0,0,NULL),(858,'Frans','Clymer','fclymernt@friendfeed.com','497-753-2800','2020-12-28','B','-',1,0,0,NULL),(859,'Ania','Tipling','atiplingnu@wordpress.org','670-438-0580','2020-08-20','G','-',1,0,0,NULL),(860,'Giovanna','Buckel','gbuckelnv@issuu.com','798-497-5581','2021-03-21','S','-',1,0,0,NULL),(861,'Lavina','Liddy','lliddynw@sphinn.com','473-900-2848','2020-11-20','S','-',1,0,0,NULL),(862,'Deck','Vasilmanov','dvasilmanovnx@fastcompany.com','616-598-0180','2021-04-01','G','-',1,0,0,NULL),(863,'Marion','Richardes','mrichardesny@blogspot.com','928-480-0287','2021-05-20','G','-',1,0,0,NULL),(864,'Othello','Earl','oearlnz@nytimes.com','542-918-3055','2020-08-16','B','-',1,0,0,NULL),(865,'Leeland','Klesl','lkleslo0@huffingtonpost.com','140-253-0306','2020-08-29','B','-',1,0,0,NULL),(866,'Fanny','Presidey','fpresideyo1@reddit.com','645-738-4037','2020-07-03','B','-',1,0,0,NULL),(867,'Tiertza','Rands','trandso2@house.gov','717-488-0684','2020-06-26','G','-',1,0,0,NULL),(868,'Giles','Lobell','globello3@jugem.jp','763-169-1426','2020-06-18','G','-',1,0,0,NULL),(869,'Ibbie','MacArthur','imacarthuro4@gnu.org','938-845-9236','2021-04-30','B','-',1,0,0,NULL),(870,'Bettine','Jozwicki','bjozwickio5@gizmodo.com','695-340-0948','2020-12-11','S','-',1,0,0,NULL),(871,'Burtie','Tanman','btanmano6@etsy.com','821-904-6179','2021-02-26','S','-',1,0,0,NULL),(872,'Antonetta','Mattock','amattocko7@youtu.be','905-581-4347','2020-08-01','G','-',1,0,0,NULL),(873,'Dario','Giovanetti','dgiovanettio8@wunderground.com','909-590-7697','2020-07-16','G','-',1,0,0,NULL),(874,'Ania','Wrigley','awrigleyo9@simplemachines.org','267-242-8947','2021-04-12','G','-',1,0,0,NULL),(875,'Jarrod','Aizic','jaizicoa@biblegateway.com','654-870-1497','2020-11-03','S','-',1,0,0,NULL),(876,'Beulah','Salatino','bsalatinoob@elpais.com','763-906-4246','2021-02-19','B','-',1,0,0,NULL),(877,'Merry','Sigart','msigartoc@ihg.com','221-602-7716','2021-03-18','G','-',1,0,0,NULL),(878,'Angelle','Supple','asuppleod@stumbleupon.com','740-803-1996','2020-09-03','G','-',1,0,0,NULL),(879,'Emile','Stephen','estephenoe@eepurl.com','546-534-9818','2021-04-20','B','-',1,0,0,NULL),(880,'Ardene','Vivers','aviversof@ning.com','117-677-4234','2021-05-22','B','-',1,0,0,NULL),(881,'Neal','Crux','ncruxog@reuters.com','153-649-9516','2021-04-13','B','-',1,0,0,NULL),(882,'Eadie','Drees','edreesoh@bing.com','137-327-8217','2020-12-28','B','-',1,0,0,NULL),(883,'Rivkah','Bignold','rbignoldoi@huffingtonpost.com','963-860-7162','2021-01-12','S','-',1,0,0,NULL),(884,'Shara','Clampton','sclamptonoj@yolasite.com','619-876-7337','2020-07-03','S','-',1,0,0,NULL),(885,'Jareb','Roddy','jroddyok@indiegogo.com','781-900-0653','2021-01-28','S','-',1,0,0,NULL),(886,'Addison','Robertson','arobertsonol@360.cn','350-613-3426','2021-04-11','G','-',1,0,0,NULL),(887,'Royal','Toffanini','rtoffaniniom@cafepress.com','200-847-8678','2021-02-16','G','-',1,0,0,NULL),(888,'Marika','Bottini','mbottinion@yahoo.co.jp','816-823-3961','2020-07-27','G','-',1,0,0,NULL),(889,'Elizabeth','Childerhouse','echilderhouseoo@cyberchimps.com','500-739-2341','2021-01-21','B','-',1,0,0,NULL),(890,'Janis','Castille','jcastilleop@dmoz.org','977-909-4962','2021-06-07','B','-',1,0,0,NULL),(891,'Kinsley','Trodd','ktroddoq@blogspot.com','963-212-7159','2020-06-11','G','-',1,0,0,NULL),(892,'Brant','Dytham','bdythamor@utexas.edu','993-803-7469','2020-09-28','G','-',1,0,0,NULL),(893,'Gran','Aubery','gauberyos@huffingtonpost.com','863-928-7707','2020-10-03','G','-',1,0,0,NULL),(894,'Debbie','Insoll','dinsollot@surveymonkey.com','812-412-0780','2020-12-15','G','-',1,0,0,NULL),(895,'Susette','Beushaw','sbeushawou@uol.com.br','930-365-4112','2020-10-19','S','-',1,0,0,NULL),(896,'Osmond','O\'Downe','oodowneov@jiathis.com','230-122-9758','2020-10-05','S','-',1,0,0,NULL),(897,'Giacopo','Goodding','ggooddingow@mayoclinic.com','789-528-3595','2021-05-01','G','-',1,0,0,NULL),(898,'Taddeusz','Stanborough','tstanboroughox@geocities.jp','174-720-9576','2020-12-16','S','-',1,0,0,NULL),(899,'Germain','Brewins','gbrewinsoy@alexa.com','104-852-0265','2020-10-08','B','-',1,0,0,NULL),(900,'Marena','McFadyen','mmcfadyenoz@msn.com','704-911-5690','2021-04-21','B','-',1,0,0,NULL),(901,'Maryl','Gillicuddy','mgillicuddyp0@oaic.gov.au','981-895-2310','2020-09-13','G','-',1,0,0,NULL),(902,'Hebert','Stopher','hstopherp1@sfgate.com','282-487-4121','2020-09-18','G','-',1,0,0,NULL),(903,'Bob','Grindle','bgrindlep2@linkedin.com','774-958-0739','2020-06-27','G','-',1,0,0,NULL),(904,'Britta','Loft','bloftp3@sphinn.com','925-798-2937','2021-04-16','G','-',1,0,0,NULL),(905,'Kippy','Apdell','kapdellp4@jugem.jp','912-806-0316','2021-01-02','S','-',1,0,0,NULL),(906,'Joby','Gathercole','jgathercolep5@freewebs.com','179-183-8575','2021-03-03','B','-',1,0,0,NULL),(907,'Lisette','Varnam','lvarnamp6@facebook.com','858-144-1779','2020-11-15','B','-',1,0,0,NULL),(908,'Bertrando','Mauvin','bmauvinp7@gravatar.com','913-168-1435','2020-06-22','G','-',1,0,0,NULL),(909,'Nessa','Paddeley','npaddeleyp8@devhub.com','335-970-0989','2020-11-05','G','-',1,0,0,NULL),(910,'Joachim','MacAdam','jmacadamp9@nydailynews.com','339-522-6615','2021-05-12','G','-',1,0,0,NULL),(911,'Poppy','McMaster','pmcmasterpa@mozilla.org','476-482-2974','2021-05-31','G','-',1,0,0,NULL),(912,'Marney','Kempshall','mkempshallpb@rediff.com','330-894-5328','2020-08-17','S','-',1,0,0,NULL),(913,'Alyss','Josland','ajoslandpc@yandex.ru','254-642-6823','2021-04-03','B','-',1,0,0,NULL),(914,'Casey','Tremollet','ctremolletpd@spiegel.de','772-339-1581','2021-03-30','B','-',1,0,0,NULL),(915,'Akim','Willoway','awillowaype@shop-pro.jp','531-511-5937','2021-05-23','B','-',1,0,0,NULL),(916,'Barty','Stock','bstockpf@google.cn','561-340-7202','2020-07-13','G','-',1,0,0,NULL),(917,'Milton','Gauthorpp','mgauthorpppg@flavors.me','167-930-8465','2020-10-25','G','-',1,0,0,NULL),(918,'Lorinda','Scoterbosh','lscoterboshph@noaa.gov','418-519-9726','2021-01-08','S','-',1,0,0,NULL),(919,'Rossy','Buesnel','rbuesnelpi@dmoz.org','323-473-7749','2021-01-05','G','-',1,0,0,NULL),(920,'Shena','Saiens','ssaienspj@canalblog.com','475-912-9858','2021-02-18','B','-',1,0,0,NULL),(921,'Olva','Mervyn','omervynpk@etsy.com','482-260-8876','2020-12-07','G','-',1,0,0,NULL),(922,'Dorry','Warsap','dwarsappl@wunderground.com','232-400-4073','2020-07-06','S','-',1,0,0,NULL),(923,'Dylan','Joutapaitis','djoutapaitispm@examiner.com','235-127-3283','2020-12-31','G','-',1,0,0,NULL),(924,'Kenn','Quenby','kquenbypn@issuu.com','604-412-5588','2021-03-05','S','-',1,0,0,NULL),(925,'Sheree','Hexter','shexterpo@japanpost.jp','365-693-0839','2021-03-22','G','-',1,0,0,NULL),(926,'Ingrid','Beedell','ibeedellpp@angelfire.com','565-556-3569','2020-09-30','S','-',1,0,0,NULL),(927,'Almeta','Dabs','adabspq@freewebs.com','169-127-5080','2020-11-10','B','-',1,0,0,NULL),(928,'Gaultiero','Ivanyutin','givanyutinpr@reverbnation.com','864-273-0424','2020-10-05','B','-',1,0,0,NULL),(929,'Kyle','Keys','kkeysps@apple.com','918-702-2242','2020-09-10','B','-',1,0,0,NULL),(930,'Jesus','Bottjer','jbottjerpt@xrea.com','936-943-2499','2021-04-17','G','-',1,0,0,NULL),(931,'Aleen','Sotheron','asotheronpu@smh.com.au','435-478-4970','2020-06-24','S','-',1,0,0,NULL),(932,'Andi','Blitz','ablitzpv@forbes.com','202-805-8047','2021-01-24','S','-',1,0,0,NULL),(933,'Leese','Corradino','lcorradinopw@uiuc.edu','212-701-1408','2020-11-09','S','-',1,0,0,NULL),(934,'Amy','Merriday','amerridaypx@tamu.edu','139-278-7363','2021-03-11','G','-',1,0,0,NULL),(935,'Alasteir','Balasin','abalasinpy@artisteer.com','209-335-4753','2020-12-01','G','-',1,0,0,NULL),(936,'Katheryn','Deerness','kdeernesspz@goo.ne.jp','831-459-3951','2021-03-19','G','-',1,0,0,NULL),(937,'Jammal','Redish','jredishq0@comcast.net','887-677-4254','2021-04-30','G','-',1,0,0,NULL),(938,'Rog','Putterill','rputterillq1@t-online.de','540-655-8351','2020-07-07','G','-',1,0,0,NULL),(939,'Myrilla','Medcalf','mmedcalfq2@cbc.ca','682-576-9396','2020-07-16','G','-',1,0,0,NULL),(940,'Barbara','Aynscombe','baynscombeq3@unesco.org','892-839-3601','2020-07-17','G','-',1,0,0,NULL),(941,'Merrill','Fanthom','mfanthomq4@tamu.edu','366-381-0872','2021-02-20','S','-',1,0,0,NULL),(942,'Emile','Clissell','eclissellq5@dyndns.org','825-964-0306','2020-06-28','B','-',1,0,0,NULL),(943,'Sacha','Goretti','sgorettiq6@npr.org','430-104-7603','2021-04-12','G','-',1,0,0,NULL),(944,'Abigael','Crocetti','acrocettiq7@samsung.com','863-144-7616','2021-02-26','G','-',1,0,0,NULL),(945,'Melisse','Elmer','melmerq8@intel.com','165-199-0521','2021-03-16','B','-',1,0,0,NULL),(946,'Briney','Florence','bflorenceq9@paginegialle.it','192-229-2594','2021-05-30','G','-',1,0,0,NULL),(947,'Benoit','Blasi','bblasiqa@ucla.edu','799-174-4256','2020-09-13','G','-',1,0,0,NULL),(948,'Symon','Pressdee','spressdeeqb@wunderground.com','279-885-4645','2020-12-29','S','-',1,0,0,NULL),(949,'Devondra','Liepins','dliepinsqc@google.com.hk','854-910-3047','2020-08-16','G','-',1,0,0,NULL),(950,'Lek','Rapo','lrapoqd@w3.org','592-304-1351','2020-11-07','S','-',1,0,0,NULL),(951,'Kerr','Telford','ktelfordqe@army.mil','423-554-3229','2021-03-07','G','-',1,0,0,NULL),(952,'Bay','Reschke','breschkeqf@photobucket.com','240-548-4873','2021-02-10','G','-',1,0,0,NULL),(953,'Chrystal','Augur','caugurqg@i2i.jp','377-189-9026','2021-05-01','G','-',1,0,0,NULL),(954,'Jilli','Kemmish','jkemmishqh@phpbb.com','556-524-2997','2020-12-02','B','-',1,0,0,NULL),(955,'Gretal','Descroix','gdescroixqi@odnoklassniki.ru','697-354-5254','2021-02-17','B','-',1,0,0,NULL),(956,'Torrence','Giovannardi','tgiovannardiqj@etsy.com','922-522-9485','2020-07-13','B','-',1,0,0,NULL),(957,'Jody','Aloshechkin','jaloshechkinqk@nymag.com','655-726-4262','2021-05-30','G','-',1,0,0,NULL),(958,'Nickie','Krolik','nkrolikql@intel.com','901-632-8376','2020-12-08','G','-',1,0,0,NULL),(959,'Ash','Chasemore','achasemoreqm@weibo.com','965-609-3712','2020-11-11','G','-',1,0,0,NULL),(960,'Fenelia','Grombridge','fgrombridgeqn@fda.gov','482-469-5644','2021-03-02','B','-',1,0,0,NULL),(961,'Jen','Hincham','jhinchamqo@usatoday.com','516-765-1538','2021-02-09','G','-',1,0,0,NULL),(962,'Emmy','Dives','edivesqp@addtoany.com','700-245-2064','2020-08-02','G','-',1,0,0,NULL),(963,'Felicio','Blinder','fblinderqq@instagram.com','515-400-0028','2021-02-25','S','-',1,0,0,NULL),(964,'Chucho','McBlain','cmcblainqr@reddit.com','270-960-2160','2021-01-17','G','-',1,0,0,NULL),(965,'Sephira','Stanett','sstanettqs@360.cn','196-772-1595','2020-09-05','G','-',1,0,0,NULL),(966,'Dana','Chevers','dcheversqt@odnoklassniki.ru','741-552-4539','2020-10-24','S','-',1,0,0,NULL),(967,'Conant','Tattersdill','ctattersdillqu@go.com','670-746-5639','2020-11-23','S','-',1,0,0,NULL),(968,'Lev','Dobney','ldobneyqv@java.com','435-745-3082','2020-09-01','B','-',1,0,0,NULL),(969,'Aurilia','Brusby','abrusbyqw@list-manage.com','282-202-1415','2020-08-23','S','-',1,0,0,NULL),(970,'Celene','Helder','chelderqx@google.pl','356-657-9922','2021-05-30','S','-',1,0,0,NULL),(971,'Sonnie','Serrell','sserrellqy@bbc.co.uk','649-752-7280','2021-01-24','B','-',1,0,0,NULL),(972,'Maurita','Vallentine','mvallentineqz@cnet.com','421-784-9493','2021-03-24','B','-',1,0,0,NULL),(973,'Nalani','Endle','nendler0@cpanel.net','634-678-1412','2020-07-02','B','-',1,0,0,NULL),(974,'Christabella','Hardcastle','chardcastler1@blog.com','655-530-7243','2020-06-25','G','-',1,0,0,NULL),(975,'Martica','Levene','mlevener2@zdnet.com','825-126-5269','2021-05-20','G','-',1,0,0,NULL),(976,'Vally','Larner','vlarnerr3@sciencedirect.com','943-562-0627','2021-01-20','G','-',1,0,0,NULL),(977,'Gilberto','Bonin','gboninr4@nba.com','230-212-3472','2021-03-11','G','-',1,0,0,NULL),(978,'Carmelle','Trask','ctraskr5@go.com','225-525-1508','2020-11-08','G','-',1,0,0,NULL),(979,'Rem','Doud','rdoudr6@vkontakte.ru','733-439-4590','2021-02-09','G','-',1,0,0,NULL),(980,'Whitney','Drinkhall','wdrinkhallr7@alibaba.com','745-695-5190','2020-08-13','G','-',1,0,0,NULL),(981,'Malva','Booi','mbooir8@sitemeter.com','714-683-1207','2020-11-12','S','-',1,0,0,NULL),(982,'Kaitlin','Drewell','kdrewellr9@indiatimes.com','604-592-3343','2021-06-04','G','-',1,0,0,NULL),(983,'Layney','Knapman','lknapmanra@wired.com','685-634-5779','2020-10-13','B','-',1,0,0,NULL),(984,'Caitrin','Muff','cmuffrb@answers.com','232-584-4930','2021-03-03','B','-',1,0,0,NULL),(985,'Hughie','Trudgian','htrudgianrc@google.com.br','381-336-2297','2020-09-05','B','-',1,0,0,NULL),(986,'Klarrisa','Smithen','ksmithenrd@sbwire.com','325-714-3495','2021-04-10','G','-',1,0,0,NULL),(987,'Ashley','Exrol','aexrolre@google.com.br','973-582-8090','2020-09-27','G','-',1,0,0,NULL),(988,'Dulcia','Libri','dlibrirf@patch.com','125-798-9089','2021-02-15','G','-',1,0,0,NULL),(989,'Gale','Mound','gmoundrg@cnbc.com','902-699-8160','2020-08-25','B','-',1,0,0,NULL),(990,'Salli','Foggo','sfoggorh@baidu.com','570-571-6428','2021-05-12','G','-',1,0,0,NULL),(991,'Karita','Poundford','kpoundfordri@i2i.jp','594-342-4146','2020-12-04','G','-',1,0,0,NULL),(992,'Jule','Alwell','jalwellrj@time.com','647-252-6871','2021-01-02','B','-',1,0,0,NULL),(993,'Betsey','Challinor','bchallinorrk@dion.ne.jp','558-782-5041','2021-01-22','B','-',1,0,0,NULL),(994,'Orion','Bleas','obleasrl@amazon.co.uk','797-621-0579','2021-03-20','S','-',1,0,0,NULL),(995,'Bird','Gumb','bgumbrm@arstechnica.com','574-835-3843','2020-12-30','G','-',1,0,0,NULL),(996,'Frazier','Truran','ftruranrn@ebay.com','429-398-2799','2021-04-03','G','-',1,0,0,NULL),(997,'Raffaello','Hearnes','rhearnesro@amazon.co.uk','243-900-1277','2021-02-01','G','-',1,0,0,NULL),(998,'Ahmad','O\'Hagan','aohaganrp@berkeley.edu','345-926-2641','2021-04-14','B','-',1,0,0,NULL),(999,'Deni','Moylane','dmoylanerq@hibu.com','376-776-9321','2020-12-15','S','-',1,0,0,NULL),(1000,'Rosene','Deetch','rdeetchrr@japanpost.jp','710-123-3374','2021-03-06','G','-',1,0,0,NULL),(1001,'John','Doe','john.doe@example.com','1234567890',NULL,'B','-',1,0,0,NULL),(1002,'lioul','lo','lioul.doe@example.com','1234567820','1990-01-01','B','pbkdf2_sha256$870000$3TxntvUmNxFWJJAPTSZ1gA$exMGlA/VWPy+aWRWVcBjNE4RXyZaWBgnmuc7HsLE/Lc=',1,0,0,NULL),(1014,'bibi','lo','bibi.doe@example.com','1234567820','1990-01-01','B','123456',1,0,0,NULL),(1015,'abi','lo','abi.doe@example.com','1234567820','1990-01-01','B','123456',1,0,0,NULL),(1016,'admin','babi','a@gmail.com','091271287','2024-10-14','B','123456',1,0,0,NULL),(1017,'kas','kas','kas@h.com','12091209','2024-10-23','B','123456',1,0,0,NULL);
/*!40000 ALTER TABLE `store_customer` ENABLE KEYS */;
UNLOCK TABLES;

--
-- Table structure for table `store_customer_groups`
--

DROP TABLE IF EXISTS `store_customer_groups`;
/*!40101 SET @saved_cs_client     = @@character_set_client */;
/*!50503 SET character_set_client = utf8mb4 */;
CREATE TABLE `store_customer_groups` (
  `id` bigint NOT NULL AUTO_INCREMENT,
  `customer_id` bigint NOT NULL,
  `group_id` int NOT NULL,
  PRIMARY KEY (`id`),
  UNIQUE KEY `store_customer_groups_customer_id_group_id_8d768cd0_uniq` (`customer_id`,`group_id`),
  KEY `store_customer_groups_group_id_38b30817_fk_auth_group_id` (`group_id`),
  CONSTRAINT `store_customer_groups_customer_id_1eaa2da5_fk_store_customer_id` FOREIGN KEY (`customer_id`) REFERENCES `store_customer` (`id`),
  CONSTRAINT `store_customer_groups_group_id_38b30817_fk_auth_group_id` FOREIGN KEY (`group_id`) REFERENCES `auth_group` (`id`)
) ENGINE=InnoDB DEFAULT CHARSET=utf8mb4 COLLATE=utf8mb4_0900_ai_ci;
/*!40101 SET character_set_client = @saved_cs_client */;

--
-- Dumping data for table `store_customer_groups`
--

LOCK TABLES `store_customer_groups` WRITE;
/*!40000 ALTER TABLE `store_customer_groups` DISABLE KEYS */;
/*!40000 ALTER TABLE `store_customer_groups` ENABLE KEYS */;
UNLOCK TABLES;

--
-- Table structure for table `store_customer_user_permissions`
--

DROP TABLE IF EXISTS `store_customer_user_permissions`;
/*!40101 SET @saved_cs_client     = @@character_set_client */;
/*!50503 SET character_set_client = utf8mb4 */;
CREATE TABLE `store_customer_user_permissions` (
  `id` bigint NOT NULL AUTO_INCREMENT,
  `customer_id` bigint NOT NULL,
  `permission_id` int NOT NULL,
  PRIMARY KEY (`id`),
  UNIQUE KEY `store_customer_user_perm_customer_id_permission_i_769baa8b_uniq` (`customer_id`,`permission_id`),
  KEY `store_customer_user__permission_id_529f3bfa_fk_auth_perm` (`permission_id`),
  CONSTRAINT `store_customer_user__customer_id_6ee97152_fk_store_cus` FOREIGN KEY (`customer_id`) REFERENCES `store_customer` (`id`),
  CONSTRAINT `store_customer_user__permission_id_529f3bfa_fk_auth_perm` FOREIGN KEY (`permission_id`) REFERENCES `auth_permission` (`id`)
) ENGINE=InnoDB DEFAULT CHARSET=utf8mb4 COLLATE=utf8mb4_0900_ai_ci;
/*!40101 SET character_set_client = @saved_cs_client */;

--
-- Dumping data for table `store_customer_user_permissions`
--

LOCK TABLES `store_customer_user_permissions` WRITE;
/*!40000 ALTER TABLE `store_customer_user_permissions` DISABLE KEYS */;
/*!40000 ALTER TABLE `store_customer_user_permissions` ENABLE KEYS */;
UNLOCK TABLES;

--
-- Table structure for table `store_order`
--

DROP TABLE IF EXISTS `store_order`;
/*!40101 SET @saved_cs_client     = @@character_set_client */;
/*!50503 SET character_set_client = utf8mb4 */;
CREATE TABLE `store_order` (
  `id` bigint NOT NULL AUTO_INCREMENT,
  `placed_at` datetime(6) NOT NULL,
  `payment_status` varchar(1) NOT NULL,
  `customer_id` bigint NOT NULL,
  PRIMARY KEY (`id`),
  KEY `store_order_customer_id_13d6d43e_fk_store_customer_id` (`customer_id`),
  CONSTRAINT `store_order_customer_id_13d6d43e_fk_store_customer_id` FOREIGN KEY (`customer_id`) REFERENCES `store_customer` (`id`)
) ENGINE=InnoDB AUTO_INCREMENT=1003 DEFAULT CHARSET=utf8mb4 COLLATE=utf8mb4_0900_ai_ci;
/*!40101 SET character_set_client = @saved_cs_client */;

--
-- Dumping data for table `store_order`
--

LOCK TABLES `store_order` WRITE;
/*!40000 ALTER TABLE `store_order` DISABLE KEYS */;
INSERT INTO `store_order` VALUES (1002,'2024-10-09 08:19:45.986798','P',1);
/*!40000 ALTER TABLE `store_order` ENABLE KEYS */;
UNLOCK TABLES;

--
-- Table structure for table `store_orderitem`
--

DROP TABLE IF EXISTS `store_orderitem`;
/*!40101 SET @saved_cs_client     = @@character_set_client */;
/*!50503 SET character_set_client = utf8mb4 */;
CREATE TABLE `store_orderitem` (
  `id` bigint NOT NULL AUTO_INCREMENT,
  `quantity` int unsigned NOT NULL,
  `unit_price` decimal(6,2) NOT NULL,
  `order_id` bigint NOT NULL,
  `product_id` bigint NOT NULL,
  PRIMARY KEY (`id`),
  KEY `store_orderitem_order_id_acf8722d_fk_store_order_id` (`order_id`),
  KEY `store_orderitem_product_id_f2b098d4_fk_store_product_id` (`product_id`),
  CONSTRAINT `store_orderitem_order_id_acf8722d_fk_store_order_id` FOREIGN KEY (`order_id`) REFERENCES `store_order` (`id`),
  CONSTRAINT `store_orderitem_product_id_f2b098d4_fk_store_product_id` FOREIGN KEY (`product_id`) REFERENCES `store_product` (`id`),
  CONSTRAINT `store_orderitem_chk_1` CHECK ((`quantity` >= 0))
) ENGINE=InnoDB AUTO_INCREMENT=3 DEFAULT CHARSET=utf8mb4 COLLATE=utf8mb4_0900_ai_ci;
/*!40101 SET character_set_client = @saved_cs_client */;

--
-- Dumping data for table `store_orderitem`
--

LOCK TABLES `store_orderitem` WRITE;
/*!40000 ALTER TABLE `store_orderitem` DISABLE KEYS */;
INSERT INTO `store_orderitem` VALUES (2,3,29.99,1002,2);
/*!40000 ALTER TABLE `store_orderitem` ENABLE KEYS */;
UNLOCK TABLES;

--
-- Table structure for table `store_product`
--

DROP TABLE IF EXISTS `store_product`;
/*!40101 SET @saved_cs_client     = @@character_set_client */;
/*!50503 SET character_set_client = utf8mb4 */;
CREATE TABLE `store_product` (
  `id` bigint NOT NULL AUTO_INCREMENT,
  `title` varchar(255) NOT NULL,
  `description` longtext NOT NULL,
  `slug` varchar(50) NOT NULL,
  `unit_price` decimal(6,2) NOT NULL,
  `inventory` int NOT NULL,
  `last_update` datetime(6) NOT NULL,
  PRIMARY KEY (`id`),
  KEY `store_product_slug_6de8ee4b` (`slug`)
) ENGINE=InnoDB AUTO_INCREMENT=3 DEFAULT CHARSET=utf8mb4 COLLATE=utf8mb4_0900_ai_ci;
/*!40101 SET character_set_client = @saved_cs_client */;

--
-- Dumping data for table `store_product`
--

LOCK TABLES `store_product` WRITE;
/*!40000 ALTER TABLE `store_product` DISABLE KEYS */;
INSERT INTO `store_product` VALUES (1,'Jeans','Hello This is Jeans','jeans-for-youngs',200.00,2,'2024-10-09 07:54:12.687230'),(2,'T-Shirt','Hello This TShirt','jeans-for-Tshirt',400.00,2,'2024-10-09 08:10:41.192769');
/*!40000 ALTER TABLE `store_product` ENABLE KEYS */;
UNLOCK TABLES;

--
-- Table structure for table `store_usertoken`
--

DROP TABLE IF EXISTS `store_usertoken`;
/*!40101 SET @saved_cs_client     = @@character_set_client */;
/*!50503 SET character_set_client = utf8mb4 */;
CREATE TABLE `store_usertoken` (
  `key` varchar(40) NOT NULL,
  `created` datetime(6) NOT NULL,
  `user_id` bigint NOT NULL,
  PRIMARY KEY (`key`),
  UNIQUE KEY `user_id` (`user_id`),
  CONSTRAINT `store_usertoken_user_id_843cd5a1_fk_store_customer_id` FOREIGN KEY (`user_id`) REFERENCES `store_customer` (`id`)
) ENGINE=InnoDB DEFAULT CHARSET=utf8mb4 COLLATE=utf8mb4_0900_ai_ci;
/*!40101 SET character_set_client = @saved_cs_client */;

--
-- Dumping data for table `store_usertoken`
--

LOCK TABLES `store_usertoken` WRITE;
/*!40000 ALTER TABLE `store_usertoken` DISABLE KEYS */;
INSERT INTO `store_usertoken` VALUES ('37d7a740aedda0c70a4a817dbc5ebf99f7f61ff1','2024-10-09 15:33:00.879253',1016),('3b20484deb235f6f2803cb777cf1d20e67f39c06','2024-10-09 11:43:27.131863',1015),('8bf79817de7cd88f70e1de364b98c13e9e031b3f','2024-10-09 15:51:19.783244',1017),('fa89f3afbf83ab29c0d5b66cf5bb8fbe2aecae66','2024-10-09 11:41:44.150519',1014);
/*!40000 ALTER TABLE `store_usertoken` ENABLE KEYS */;
UNLOCK TABLES;
/*!40103 SET TIME_ZONE=@OLD_TIME_ZONE */;

/*!40101 SET SQL_MODE=@OLD_SQL_MODE */;
/*!40014 SET FOREIGN_KEY_CHECKS=@OLD_FOREIGN_KEY_CHECKS */;
/*!40014 SET UNIQUE_CHECKS=@OLD_UNIQUE_CHECKS */;
/*!40101 SET CHARACTER_SET_CLIENT=@OLD_CHARACTER_SET_CLIENT */;
/*!40101 SET CHARACTER_SET_RESULTS=@OLD_CHARACTER_SET_RESULTS */;
/*!40101 SET COLLATION_CONNECTION=@OLD_COLLATION_CONNECTION */;
/*!40111 SET SQL_NOTES=@OLD_SQL_NOTES */;

-- Dump completed on 2024-10-09 19:16:59
